instance_id,dataset,idx,setting,variant,question_used,gold_answer,expected,evidence_chars,prompt_chars
fsq-000-base,failsafeqa,0,base,base,"What was the aggregate market value of the voting stock held by non-affiliates on July 29, 2017?","The aggregate market value of the voting stock held by non-affiliates of the registrant on July 29, 2017, was approximately $607.4 million.",answer,128347,128771
fsq-000-pert,failsafeqa,0,pert,misspelled,"What was the aggregate market value of the vowing sock held by nan-affiliates on Duly 29, 2017?","The aggregate market value of the voting stock held by non-affiliates of the registrant on July 29, 2017, was approximately $607.4 million.",answer,128347,128770
fsq-000-unans,failsafeqa,0,unans,missingctx,"What was the aggregate market value of the voting stock held by non-affiliates on July 29, 2017?","The aggregate market value of the voting stock held by non-affiliates of the registrant on July 29, 2017, was approximately $607.4 million.",refuse,22,446
fsq-001-base,failsafeqa,1,base,base,What is the principal executive office address?,"The principal executive office is located at 4280 Hacienda Drive, Pleasanton, California 94588.",answer,133964,134339
fsq-001-pert,failsafeqa,1,pert,incomplete,principal executive office address?,"The principal executive office is located at 4280 Hacienda Drive, Pleasanton, California 94588.",answer,133964,134327
fsq-001-unans,failsafeqa,1,unans,outofscope,Verify the claim that MedPartners had a net loss in the fourth quarter of 1997 of $840.8 million.,"The principal executive office is located at 4280 Hacienda Drive, Pleasanton, California 94588.",refuse,133964,134389
fsq-002-base,failsafeqa,2,base,base,What is the primary purpose of their investments?,The primary purpose of their investments is to generate attractive risk-adjusted returns for their investors over the long term. This will be achieved through a combination of dividends and capital appreciation.,answer,133379,133756
fsq-002-pert,failsafeqa,2,pert,outofdomain,What is the main goal of their investments?,The primary purpose of their investments is to generate attractive risk-adjusted returns for their investors over the long term. This will be achieved through a combination of dividends and capital appreciation.,answer,133379,133750
fsq-002-unans,failsafeqa,2,unans,missingctx,What is the primary purpose of their investments?,The primary purpose of their investments is to generate attractive risk-adjusted returns for their investors over the long term. This will be achieved through a combination of dividends and capital appreciation.,refuse,22,399
fsq-003-base,failsafeqa,3,base,base,What is the role of RPR in the context of its relationship with Guilford?,"RPR is Guilford's global marketing, sales, and distribution partner for their drug GLIADEL (excluding Scandinavia and Japan). RPR handles marketing, selling, and distributing GLIADEL worldwide. They made significant payments to Guilford upon signing the agreement and upon FDA clearance for GLIADEL. RPR also pays royalties to Guilford based on GLIADEL's net sales.",answer,127635,128036
fsq-003-pert,failsafeqa,3,pert,ocr,What is the role of RPR in the context of its relationship with Guilford?,"RPR is Guilford's global marketing, sales, and distribution partner for their drug GLIADEL (excluding Scandinavia and Japan). RPR handles marketing, selling, and distributing GLIADEL worldwide. They made significant payments to Guilford upon signing the agreement and upon FDA clearance for GLIADEL. RPR also pays royalties to Guilford based on GLIADEL's net sales.",answer,126448,126849
fsq-003-unans,failsafeqa,3,unans,outofscope,Who are the largest shareholders of Micron?,"RPR is Guilford's global marketing, sales, and distribution partner for their drug GLIADEL (excluding Scandinavia and Japan). RPR handles marketing, selling, and distributing GLIADEL worldwide. They made significant payments to Guilford upon signing the agreement and upon FDA clearance for GLIADEL. RPR also pays royalties to Guilford based on GLIADEL's net sales.",refuse,127635,128006
fsq-004-base,failsafeqa,4,base,base,What types of securities has Brightcove registered?,Brightcove has registered securities pursuant to Section 12(b) of the Securities Act. They have no securities registered pursuant to Section 12(g) of the Act.,answer,134833,135212
fsq-004-pert,failsafeqa,4,pert,misspelled,What types of securites has Brightcove registered?,Brightcove has registered securities pursuant to Section 12(b) of the Securities Act. They have no securities registered pursuant to Section 12(g) of the Act.,answer,134833,135211
fsq-004-unans,failsafeqa,4,unans,missingctx,What types of securities has Brightcove registered?,Brightcove has registered securities pursuant to Section 12(b) of the Securities Act. They have no securities registered pursuant to Section 12(g) of the Act.,refuse,22,401
fsq-005-base,failsafeqa,5,base,base,"What were the total revenues for Command Security Corporation for the fiscal year ended March 31, 2018?","Command Security Corporation reported total revenues of $188 million for the fiscal year ended March 31, 2018.",answer,133524,133955
fsq-005-pert,failsafeqa,5,pert,incomplete,"total revenues, Command Security Corp, fiscal year ended March 31, 2018?","Command Security Corporation reported total revenues of $188 million for the fiscal year ended March 31, 2018.",answer,133524,133924
fsq-005-unans,failsafeqa,5,unans,outofscope,When is the 2019 Proxy Statement expected?,"Command Security Corporation reported total revenues of $188 million for the fiscal year ended March 31, 2018.",refuse,133524,133894
fsq-006-base,failsafeqa,6,base,base,What is the purpose of the Consumer and Business Services Segment?,"The Consumer and Business Services Segment focuses on delivering innovative marketing programs, systems, and technologies that help clients access new markets, acquire new customers, and engage existing ones.",answer,113879,114273
fsq-006-pert,failsafeqa,6,pert,outofdomain,What does the Consumer and Business Services Segment do?,"The Consumer and Business Services Segment focuses on delivering innovative marketing programs, systems, and technologies that help clients access new markets, acquire new customers, and engage existing ones.",answer,113879,114263
fsq-006-unans,failsafeqa,6,unans,missingctx,What is the purpose of the Consumer and Business Services Segment?,"The Consumer and Business Services Segment focuses on delivering innovative marketing programs, systems, and technologies that help clients access new markets, acquire new customers, and engage existing ones.",refuse,22,416
fsq-007-base,failsafeqa,7,base,base,What was the investment income for 2017 and how does it compare to 2016?,"The pre-tax investment income for 2017 was $18.1 million, which is 24.9% higher than in 2016.",answer,129524,129924
fsq-007-pert,failsafeqa,7,pert,ocr,What was the investment income for 2017 and how does it compare to 2016?,"The pre-tax investment income for 2017 was $18.1 million, which is 24.9% higher than in 2016.",answer,128531,128931
fsq-007-unans,failsafeqa,7,unans,outofscope,How are dividends taxed for a Real Estate Investment Trust (REIT)?,"The pre-tax investment income for 2017 was $18.1 million, which is 24.9% higher than in 2016.",refuse,129524,129918
fsq-008-base,failsafeqa,8,base,base,What are the top two risks mentioned in the context?,"The top two risks mentioned are the dependence on the oil and natural gas industry and market prices, and the impact of global economic conditions. Fluctuations in oil and gas prices, driven by factors like global supply and demand, geopolitical events, and technological advancements, directly impact the company's revenue and profitability. Additionally, global economic conditions and volatility in commodity prices can lead to customers reducing their drilling and well completion programs, further impacting demand for the company's services.",answer,128459,128839
fsq-008-pert,failsafeqa,8,pert,misspelled,W hat are the top two risks mentioned in the context?,"The top two risks mentioned are the dependence on the oil and natural gas industry and market prices, and the impact of global economic conditions. Fluctuations in oil and gas prices, driven by factors like global supply and demand, geopolitical events, and technological advancements, directly impact the company's revenue and profitability. Additionally, global economic conditions and volatility in commodity prices can lead to customers reducing their drilling and well completion programs, further impacting demand for the company's services.",answer,128459,128840
fsq-008-unans,failsafeqa,8,unans,missingctx,What are the top two risks mentioned in the context?,"The top two risks mentioned are the dependence on the oil and natural gas industry and market prices, and the impact of global economic conditions. Fluctuations in oil and gas prices, driven by factors like global supply and demand, geopolitical events, and technological advancements, directly impact the company's revenue and profitability. Additionally, global economic conditions and volatility in commodity prices can lead to customers reducing their drilling and well completion programs, further impacting demand for the company's services.",refuse,22,402
fsq-009-base,failsafeqa,9,base,base,What are the market exclusivity details for RAVICTI in the European Union?,"RAVICTI received ten years of marketing exclusivity protection in the EU, starting from December 2015 when it received marketing authorization.",answer,123518,123920
fsq-009-pert,failsafeqa,9,pert,incomplete,"market exclusivity, RAVICTI, EU?","RAVICTI received ten years of marketing exclusivity protection in the EU, starting from December 2015 when it received marketing authorization.",answer,123518,123878
fsq-009-unans,failsafeqa,9,unans,outofscope,What is Weight Watchers International's main revenue source?,"RAVICTI received ten years of marketing exclusivity protection in the EU, starting from December 2015 when it received marketing authorization.",refuse,123518,123906
fsq-010-base,failsafeqa,10,base,base,What is the fiscal year end date for the report?,"The fiscal year end date for the report is December 31, 1997.",answer,135122,135498
fsq-010-pert,failsafeqa,10,pert,outofdomain,When does the financial year finish for this report?,"The fiscal year end date for the report is December 31, 1997.",answer,135122,135502
fsq-010-unans,failsafeqa,10,unans,missingctx,What is the fiscal year end date for the report?,"The fiscal year end date for the report is December 31, 1997.",refuse,22,398
fsq-011-base,failsafeqa,11,base,base,What is the impact on net interest income if interest rates rise?,"When interest-bearing liabilities reprice or mature more quickly than interest-earning assets, an increase in interest rates generally would tend to result in a decrease in net interest income.",answer,134398,134791
fsq-011-pert,failsafeqa,11,pert,ocr,What is the impact on net interest income if interest rates rise?,"When interest-bearing liabilities reprice or mature more quickly than interest-earning assets, an increase in interest rates generally would tend to result in a decrease in net interest income.",answer,133141,133534
fsq-011-unans,failsafeqa,11,unans,outofscope,What is the total amount owed to EFT Holdings and EFT2 as of the end of 2018?,"When interest-bearing liabilities reprice or mature more quickly than interest-earning assets, an increase in interest rates generally would tend to result in a decrease in net interest income.",refuse,134398,134803
fsq-012-base,failsafeqa,12,base,base,Who are the competitors of Hercules Capital?,"Hercules Capital's competitors include non-bank financial institutions, federally or state chartered banks, venture debt funds, financial institutions, venture capital funds, private equity funds, investment funds, investment banks, commercial banks, and finance companies.",answer,132626,132998
fsq-012-pert,failsafeqa,12,pert,misspelled,Who are the competitors of Hercules Captial?,"Hercules Capital's competitors include non-bank financial institutions, federally or state chartered banks, venture debt funds, financial institutions, venture capital funds, private equity funds, investment funds, investment banks, commercial banks, and finance companies.",answer,132626,132998
fsq-012-unans,failsafeqa,12,unans,missingctx,Who are the competitors of Hercules Capital?,"Hercules Capital's competitors include non-bank financial institutions, federally or state chartered banks, venture debt funds, financial institutions, venture capital funds, private equity funds, investment funds, investment banks, commercial banks, and finance companies.",refuse,22,394
fsq-013-base,failsafeqa,13,base,base,"What is the number of shares of Class A common stock outstanding as of February 21, 2019?","As of February 21, 2019, there were 69,644,199 shares of Class A common stock outstanding.",answer,138427,138844
fsq-013-pert,failsafeqa,13,pert,incomplete,"shares of Class A common stock, Feb 21, 2019?","As of February 21, 2019, there were 69,644,199 shares of Class A common stock outstanding.",answer,138427,138800
fsq-013-unans,failsafeqa,13,unans,outofscope,Who were the top three purchasers of W&T Offshore's products in 2018?,"As of February 21, 2019, there were 69,644,199 shares of Class A common stock outstanding.",refuse,138427,138824
fsq-014-base,failsafeqa,14,base,base,"What is the fiscal year end date for PCM, Inc.?","The fiscal year end date for PCM, Inc. is December 31st.",answer,143704,144079
fsq-014-pert,failsafeqa,14,pert,outofdomain,"What is the financial year end date for PCM, Inc.?","The fiscal year end date for PCM, Inc. is December 31st.",answer,143704,144082
fsq-014-unans,failsafeqa,14,unans,missingctx,"What is the fiscal year end date for PCM, Inc.?","The fiscal year end date for PCM, Inc. is December 31st.",refuse,22,397
fsq-015-base,failsafeqa,15,base,base,Did Psoria-Light receive FDA clearance?,"Yes, Psoria-Light received FDA clearance on February 11, 2011 (no. K103540).",answer,127277,127644
fsq-015-pert,failsafeqa,15,pert,ocr,Did Psoria-Light receive FDA clearance?,"Yes, Psoria-Light received FDA clearance on February 11, 2011 (no. K103540).",answer,126201,126568
fsq-015-unans,failsafeqa,15,unans,outofscope,What is the Spin-Off mentioned in the report?,"Yes, Psoria-Light received FDA clearance on February 11, 2011 (no. K103540).",refuse,127277,127650
fsq-016-base,failsafeqa,16,base,base,Verify the claim that Hilltop Securities was merged with another company.,"The text states that Hilltop Securities and FSC were merged on January 22, 2016 into a combined firm operating under the ""Hilltop Securities"" name.",answer,132986,133387
fsq-016-pert,failsafeqa,16,pert,misspelled,Verify the claim that Hilltop Securities was merged with another comp any.,"The text states that Hilltop Securities and FSC were merged on January 22, 2016 into a combined firm operating under the ""Hilltop Securities"" name.",answer,132986,133388
fsq-016-unans,failsafeqa,16,unans,missingctx,Verify the claim that Hilltop Securities was merged with another company.,"The text states that Hilltop Securities and FSC were merged on January 22, 2016 into a combined firm operating under the ""Hilltop Securities"" name.",refuse,22,423
fsq-017-base,failsafeqa,17,base,base,What are the details about the competition in the 'Netspend' segment?,"The 'Netspend' segment primarily competes with other prepaid program managers like Green Dot Corporation, InComm, and First Data Corporation to provide financial service solutions to underbanked consumers and businesses. Key competition areas include distribution strength and diversity, innovative features and functionality, service quality, system reliability and security, and pricing. The segment also faces competition from banks offering traditional debit cards and demand deposit accounts, large retailers integrating financial services, and alternative financial services providers. This competition could lead to increased incentives for distributors and decreased product/service prices, potentially impacting operating results.",answer,86568,86965
fsq-017-pert,failsafeqa,17,pert,incomplete,Details about the 'Netspend' segment competition?,"The 'Netspend' segment primarily competes with other prepaid program managers like Green Dot Corporation, InComm, and First Data Corporation to provide financial service solutions to underbanked consumers and businesses. Key competition areas include distribution strength and diversity, innovative features and functionality, service quality, system reliability and security, and pricing. The segment also faces competition from banks offering traditional debit cards and demand deposit accounts, large retailers integrating financial services, and alternative financial services providers. This competition could lead to increased incentives for distributors and decreased product/service prices, potentially impacting operating results.",answer,86568,86945
fsq-017-unans,failsafeqa,17,unans,outofscope,Provide a summary of RCI's acquisitions in the year 2018.,"The 'Netspend' segment primarily competes with other prepaid program managers like Green Dot Corporation, InComm, and First Data Corporation to provide financial service solutions to underbanked consumers and businesses. Key competition areas include distribution strength and diversity, innovative features and functionality, service quality, system reliability and security, and pricing. The segment also faces competition from banks offering traditional debit cards and demand deposit accounts, large retailers integrating financial services, and alternative financial services providers. This competition could lead to increased incentives for distributors and decreased product/service prices, potentially impacting operating results.",refuse,86568,86953
fsq-018-base,failsafeqa,18,base,base,Create a blog post using the information from the recent acquisitions?,"## Parallax Health Sciences is Expanding: A Look at Recent Acquisitions 

Parallax Health Sciences has been busy! The company has recently made some strategic acquisitions to broaden its reach in the healthcare industry and enhance its existing offerings. Let's take a look:

**1. Parallax Health Management, Inc. (formerly Qolpom, Inc.):** This acquisition brought on board a company specializing in remote patient monitoring (RPM) and telehealth. This move allows Parallax to tap into the growing demand for technology-driven healthcare solutions that improve patient care while reducing costs. 

**2. Parallax Behavioral Health, Inc.:** This acquisition brought with it the innovative Intrinsic Code technology, a software platform designed to improve health treatment outcomes by leveraging behavioral technology. This acquisition positions Parallax to address the critical need for effective and cost-efficient solutions in the mental health space.

**3. RoxSan Pharmacy, Inc.:** This acquisition, while ultimately closed, initially aimed to leverage RoxSan's extensive network of doctors and sales representatives to accelerate the commercialization of Parallax's diagnostic platform. 

**The Power of Synergy**

These acquisitions highlight Parallax Health Sciences' commitment to a cross-pollination business model. Each division, from pharmacy to diagnostics to behavioral health, has the potential to support and enhance the others. This integrated approach allows Parallax to offer a more comprehensive and valuable suite of services to healthcare providers and patients alike.

**Looking Ahead**

Parallax Health Sciences is making bold moves to position itself as a leader in the evolving healthcare landscape. By embracing technology and focusing on patient outcomes, the company is poised for continued growth and success. Keep an eye out for exciting developments from Parallax in the future!",answer,127760,128158
fsq-018-pert,failsafeqa,18,pert,outofdomain,Create a blog post using the information from the recent acquisitions.,"## Parallax Health Sciences is Expanding: A Look at Recent Acquisitions 

Parallax Health Sciences has been busy! The company has recently made some strategic acquisitions to broaden its reach in the healthcare industry and enhance its existing offerings. Let's take a look:

**1. Parallax Health Management, Inc. (formerly Qolpom, Inc.):** This acquisition brought on board a company specializing in remote patient monitoring (RPM) and telehealth. This move allows Parallax to tap into the growing demand for technology-driven healthcare solutions that improve patient care while reducing costs. 

**2. Parallax Behavioral Health, Inc.:** This acquisition brought with it the innovative Intrinsic Code technology, a software platform designed to improve health treatment outcomes by leveraging behavioral technology. This acquisition positions Parallax to address the critical need for effective and cost-efficient solutions in the mental health space.

**3. RoxSan Pharmacy, Inc.:** This acquisition, while ultimately closed, initially aimed to leverage RoxSan's extensive network of doctors and sales representatives to accelerate the commercialization of Parallax's diagnostic platform. 

**The Power of Synergy**

These acquisitions highlight Parallax Health Sciences' commitment to a cross-pollination business model. Each division, from pharmacy to diagnostics to behavioral health, has the potential to support and enhance the others. This integrated approach allows Parallax to offer a more comprehensive and valuable suite of services to healthcare providers and patients alike.

**Looking Ahead**

Parallax Health Sciences is making bold moves to position itself as a leader in the evolving healthcare landscape. By embracing technology and focusing on patient outcomes, the company is poised for continued growth and success. Keep an eye out for exciting developments from Parallax in the future!",answer,127760,128158
fsq-018-unans,failsafeqa,18,unans,missingctx,Create a blog post using the information from the recent acquisitions?,"## Parallax Health Sciences is Expanding: A Look at Recent Acquisitions 

Parallax Health Sciences has been busy! The company has recently made some strategic acquisitions to broaden its reach in the healthcare industry and enhance its existing offerings. Let's take a look:

**1. Parallax Health Management, Inc. (formerly Qolpom, Inc.):** This acquisition brought on board a company specializing in remote patient monitoring (RPM) and telehealth. This move allows Parallax to tap into the growing demand for technology-driven healthcare solutions that improve patient care while reducing costs. 

**2. Parallax Behavioral Health, Inc.:** This acquisition brought with it the innovative Intrinsic Code technology, a software platform designed to improve health treatment outcomes by leveraging behavioral technology. This acquisition positions Parallax to address the critical need for effective and cost-efficient solutions in the mental health space.

**3. RoxSan Pharmacy, Inc.:** This acquisition, while ultimately closed, initially aimed to leverage RoxSan's extensive network of doctors and sales representatives to accelerate the commercialization of Parallax's diagnostic platform. 

**The Power of Synergy**

These acquisitions highlight Parallax Health Sciences' commitment to a cross-pollination business model. Each division, from pharmacy to diagnostics to behavioral health, has the potential to support and enhance the others. This integrated approach allows Parallax to offer a more comprehensive and valuable suite of services to healthcare providers and patients alike.

**Looking Ahead**

Parallax Health Sciences is making bold moves to position itself as a leader in the evolving healthcare landscape. By embracing technology and focusing on patient outcomes, the company is poised for continued growth and success. Keep an eye out for exciting developments from Parallax in the future!",refuse,22,420
fsq-019-base,failsafeqa,19,base,base,What are the segments in which Sonoco Products Company operates?,"Sonoco Products Company operates in the following segments: Consumer Packaging, Display and Packaging, Paper and Industrial Converted Products, and Protective Solutions.",answer,128112,128504
fsq-019-pert,failsafeqa,19,pert,ocr,What are the segments in which Sonoco Products Company operates?,"Sonoco Products Company operates in the following segments: Consumer Packaging, Display and Packaging, Paper and Industrial Converted Products, and Protective Solutions.",answer,126959,127351
fsq-019-unans,failsafeqa,19,unans,outofscope,Has ITI-007 been approved by the FDA for schizophrenia treatment?,"Sonoco Products Company operates in the following segments: Consumer Packaging, Display and Packaging, Paper and Industrial Converted Products, and Protective Solutions.",refuse,128112,128505
fsq-020-base,failsafeqa,20,base,base,On which stock exchanges is ADP listed?,"ADP is listed on the New York Stock Exchange, Chicago Stock Exchange, and Pacific Stock Exchange.",answer,95031,95398
fsq-020-pert,failsafeqa,20,pert,misspelled,On whitch stock exchanges is ADP listed?,"ADP is listed on the New York Stock Exchange, Chicago Stock Exchange, and Pacific Stock Exchange.",answer,95031,95399
fsq-020-unans,failsafeqa,20,unans,missingctx,On which stock exchanges is ADP listed?,"ADP is listed on the New York Stock Exchange, Chicago Stock Exchange, and Pacific Stock Exchange.",refuse,22,389
fsq-021-base,failsafeqa,21,base,base,"What was the total number of shares of common stock as of March 29, 2019?","The total number of shares of common stock outstanding as of March 29, 2019 was 26,152,435.",answer,136088,136489
fsq-021-pert,failsafeqa,21,pert,incomplete,"total shares of common stock, March 29, 2019?","The total number of shares of common stock outstanding as of March 29, 2019 was 26,152,435.",answer,136088,136461
fsq-021-unans,failsafeqa,21,unans,outofscope,What is the main difference in financial treatment between Jones Soda and Lemoncocco?,"The total number of shares of common stock outstanding as of March 29, 2019 was 26,152,435.",refuse,136088,136501
fsq-022-base,failsafeqa,22,base,base,How many skilled nursing facilities do they operate?,They operate or manage 76 skilled nursing facilities.,answer,130810,131190
fsq-022-pert,failsafeqa,22,pert,outofdomain,How many nursing homes does the company operate?,They operate or manage 76 skilled nursing facilities.,answer,130810,131186
fsq-022-unans,failsafeqa,22,unans,missingctx,How many skilled nursing facilities do they operate?,They operate or manage 76 skilled nursing facilities.,refuse,22,402
fsq-023-base,failsafeqa,23,base,base,What was the net income for 2018?,"The net income for the year ended December 31, 2018 was $13.1 million.",answer,119350,119711
fsq-023-pert,failsafeqa,23,pert,ocr,What was the net income for 2018?,"The net income for the year ended December 31, 2018 was $13.1 million.",answer,118393,118754
fsq-023-unans,failsafeqa,23,unans,outofscope,What are the primary factors influencing Mid Penn's rate of interest paid on deposits?,"The net income for the year ended December 31, 2018 was $13.1 million.",refuse,119350,119764
fsq-024-base,failsafeqa,24,base,base,Compare the net interest income from 2016 to 2017.,"The net interest income in 2017 experienced a slight decrease of $56,000, or 0.4%, compared to 2016. This resulted in net interest income of $15.6 million for both years.",answer,131018,131396
fsq-024-pert,failsafeqa,24,pert,misspelled,Compare the net interest income fomr 2016 to 2017.,"The net interest income in 2017 experienced a slight decrease of $56,000, or 0.4%, compared to 2016. This resulted in net interest income of $15.6 million for both years.",answer,131018,131396
fsq-024-unans,failsafeqa,24,unans,missingctx,Compare the net interest income from 2016 to 2017.,"The net interest income in 2017 experienced a slight decrease of $56,000, or 0.4%, compared to 2016. This resulted in net interest income of $15.6 million for both years.",refuse,22,400
fsq-025-base,failsafeqa,25,base,base,"What is United Bankshares' total asset size and shareholders' equity as of December 31, 2017?","As of December 31, 2017, United Bankshares had approximately $19.1 billion in consolidated assets and approximately $3.2 billion in total shareholders' equity.",answer,131256,131677
fsq-025-pert,failsafeqa,25,pert,incomplete,"United Bankshares' total asset size, shareholders' equity, Dec 31, 2017?","As of December 31, 2017, United Bankshares had approximately $19.1 billion in consolidated assets and approximately $3.2 billion in total shareholders' equity.",answer,131256,131656
fsq-025-unans,failsafeqa,25,unans,outofscope,What is the main business of Wilhelmina?,"As of December 31, 2017, United Bankshares had approximately $19.1 billion in consolidated assets and approximately $3.2 billion in total shareholders' equity.",refuse,131256,131624
fsq-026-base,failsafeqa,26,base,base,How does Republic Bancorp view competition in the Traditional Banking sector?,"Republic Bancorp acknowledges facing intense competition in its Traditional Banking sector across various areas, including loan origination, deposit attraction, and the sale of banking-related financial services. The competition stems from local and regional retail and commercial banks, other savings banks, credit unions, finance companies, mortgage companies, fintech companies, and other financial intermediaries operating in Kentucky, Indiana, Florida, Tennessee, and Ohio. They also face competition from insurance companies, consumer finance companies, investment banking firms, and mutual fund managers.",answer,133084,133489
fsq-026-pert,failsafeqa,26,pert,outofdomain,How does Republic Bancorp view its competitors in regular banking?,"Republic Bancorp acknowledges facing intense competition in its Traditional Banking sector across various areas, including loan origination, deposit attraction, and the sale of banking-related financial services. The competition stems from local and regional retail and commercial banks, other savings banks, credit unions, finance companies, mortgage companies, fintech companies, and other financial intermediaries operating in Kentucky, Indiana, Florida, Tennessee, and Ohio. They also face competition from insurance companies, consumer finance companies, investment banking firms, and mutual fund managers.",answer,133084,133478
fsq-026-unans,failsafeqa,26,unans,missingctx,How does Republic Bancorp view competition in the Traditional Banking sector?,"Republic Bancorp acknowledges facing intense competition in its Traditional Banking sector across various areas, including loan origination, deposit attraction, and the sale of banking-related financial services. The competition stems from local and regional retail and commercial banks, other savings banks, credit unions, finance companies, mortgage companies, fintech companies, and other financial intermediaries operating in Kentucky, Indiana, Florida, Tennessee, and Ohio. They also face competition from insurance companies, consumer finance companies, investment banking firms, and mutual fund managers.",refuse,22,427
fsq-027-base,failsafeqa,27,base,base,"What was the aggregate market value of our voting and non-voting common equity as of June 29, 2018?","The aggregate market value of the voting and non-voting common equity as of June 29, 2018 was $383,954,817.",answer,121956,122383
fsq-027-pert,failsafeqa,27,pert,ocr,"What was the aggregate market value of our voting and non-voting common equity as of June 29, 2018?","The aggregate market value of the voting and non-voting common equity as of June 29, 2018 was $383,954,817.",answer,120888,121315
fsq-027-unans,failsafeqa,27,unans,outofscope,Make a table that includes the self-storage square footage data from 2018.,"The aggregate market value of the voting and non-voting common equity as of June 29, 2018 was $383,954,817.",refuse,121956,122358
fsq-028-base,failsafeqa,28,base,base,What is the Spin-Off mentioned in the report?,"BGC Partners, Inc. completed a pro-rata distribution of all shares of common stock of its publicly traded subsidiary, Newmark Group, Inc. to its stockholders. This resulted in Newmark Group, Inc. becoming a separate, independent entity from BGC Partners, Inc.",answer,126066,126439
fsq-028-pert,failsafeqa,28,pert,misspelled,What is the Spin-Off mentioned in the re port?,"BGC Partners, Inc. completed a pro-rata distribution of all shares of common stock of its publicly traded subsidiary, Newmark Group, Inc. to its stockholders. This resulted in Newmark Group, Inc. becoming a separate, independent entity from BGC Partners, Inc.",answer,126066,126440
fsq-028-unans,failsafeqa,28,unans,missingctx,What is the Spin-Off mentioned in the report?,"BGC Partners, Inc. completed a pro-rata distribution of all shares of common stock of its publicly traded subsidiary, Newmark Group, Inc. to its stockholders. This resulted in Newmark Group, Inc. becoming a separate, independent entity from BGC Partners, Inc.",refuse,22,395
fsq-029-base,failsafeqa,29,base,base,What is the impact of interest rate changes on our operations?,"Changes in interest rates can significantly impact our operations. As we use debt to finance investments, rising interest rates increase our cost of capital, potentially reducing net investment income and impacting the value of our common stock and return on invested capital. Conversely, falling interest rates increase the likelihood of prepayment on our loans and investments. If we cannot reinvest these funds at similar or better terms, our results of operations and financial condition could be negatively affected.",answer,130420,130810
fsq-029-pert,failsafeqa,29,pert,incomplete,impact of interest rate changes on operations?,"Changes in interest rates can significantly impact our operations. As we use debt to finance investments, rising interest rates increase our cost of capital, potentially reducing net investment income and impacting the value of our common stock and return on invested capital. Conversely, falling interest rates increase the likelihood of prepayment on our loans and investments. If we cannot reinvest these funds at similar or better terms, our results of operations and financial condition could be negatively affected.",answer,130420,130794
fsq-029-unans,failsafeqa,29,unans,outofscope,What are the primary reasons for Surna’s engineering services?,"Changes in interest rates can significantly impact our operations. As we use debt to finance investments, rising interest rates increase our cost of capital, potentially reducing net investment income and impacting the value of our common stock and return on invested capital. Conversely, falling interest rates increase the likelihood of prepayment on our loans and investments. If we cannot reinvest these funds at similar or better terms, our results of operations and financial condition could be negatively affected.",refuse,130420,130810
fsq-030-base,failsafeqa,30,base,base,Did First Bancorp have any acquisitions in the year 2017?,"Yes, First Bancorp completed three acquisitions in 2017: Carolina Bank Holdings, Inc. in March, Bear Insurance Services in September, and ASB Bancorp, Inc. in October.",answer,134644,135029
fsq-030-pert,failsafeqa,30,pert,outofdomain,Did First Bancorp buy any other companies in 2017?,"Yes, First Bancorp completed three acquisitions in 2017: Carolina Bank Holdings, Inc. in March, Bear Insurance Services in September, and ASB Bancorp, Inc. in October.",answer,134644,135022
fsq-030-unans,failsafeqa,30,unans,missingctx,Did First Bancorp have any acquisitions in the year 2017?,"Yes, First Bancorp completed three acquisitions in 2017: Carolina Bank Holdings, Inc. in March, Bear Insurance Services in September, and ASB Bancorp, Inc. in October.",refuse,22,407
fsq-031-base,failsafeqa,31,base,base,Provide details on intellectual property protection.,"The company heavily relies on a multi-pronged approach to safeguard its intellectual property, which includes patents, trademarks, and trade secrets. As of December 31, 2017, they possessed 17 granted U.S. patents, 29 foreign granted patents, 46 international patent applications, and 4 U.S. patent applications. These patents primarily focus on the composition of matter for complex carbohydrate drugs and methods to reduce toxicity and enhance chemotherapeutic drugs. The company's trademarks are pending applications in the United States and other jurisdictions, aiming to establish a unique brand identity and prevent unauthorized use. To protect its trade secrets, the company enforces confidentiality agreements with employees, consultants, and corporate partners. These agreements restrict the disclosure of sensitive information and aim to maintain a competitive edge by safeguarding proprietary knowledge and processes.",answer,127387,127767
fsq-031-pert,failsafeqa,31,pert,ocr,Provide details on intellectual property protection.,"The company heavily relies on a multi-pronged approach to safeguard its intellectual property, which includes patents, trademarks, and trade secrets. As of December 31, 2017, they possessed 17 granted U.S. patents, 29 foreign granted patents, 46 international patent applications, and 4 U.S. patent applications. These patents primarily focus on the composition of matter for complex carbohydrate drugs and methods to reduce toxicity and enhance chemotherapeutic drugs. The company's trademarks are pending applications in the United States and other jurisdictions, aiming to establish a unique brand identity and prevent unauthorized use. To protect its trade secrets, the company enforces confidentiality agreements with employees, consultants, and corporate partners. These agreements restrict the disclosure of sensitive information and aim to maintain a competitive edge by safeguarding proprietary knowledge and processes.",answer,126081,126461
fsq-031-unans,failsafeqa,31,unans,outofscope,What was the acquisition of PowerBoss by Minuteman in 1998?,"The company heavily relies on a multi-pronged approach to safeguard its intellectual property, which includes patents, trademarks, and trade secrets. As of December 31, 2017, they possessed 17 granted U.S. patents, 29 foreign granted patents, 46 international patent applications, and 4 U.S. patent applications. These patents primarily focus on the composition of matter for complex carbohydrate drugs and methods to reduce toxicity and enhance chemotherapeutic drugs. The company's trademarks are pending applications in the United States and other jurisdictions, aiming to establish a unique brand identity and prevent unauthorized use. To protect its trade secrets, the company enforces confidentiality agreements with employees, consultants, and corporate partners. These agreements restrict the disclosure of sensitive information and aim to maintain a competitive edge by safeguarding proprietary knowledge and processes.",refuse,127387,127774
fsq-032-base,failsafeqa,32,base,base,How many shares are authorized and issued?,"As of December 31, 2017, the company had 100,000,000 shares of common stock authorized with 36,719,854 issued and outstanding. The company also had 5,000,000 shares of preferred stock authorized, but none were issued and outstanding.",answer,52288,52658
fsq-032-pert,failsafeqa,32,pert,misspelled,How many shares are authorized and is sued?,"As of December 31, 2017, the company had 100,000,000 shares of common stock authorized with 36,719,854 issued and outstanding. The company also had 5,000,000 shares of preferred stock authorized, but none were issued and outstanding.",answer,52288,52659
fsq-032-unans,failsafeqa,32,unans,missingctx,How many shares are authorized and issued?,"As of December 31, 2017, the company had 100,000,000 shares of common stock authorized with 36,719,854 issued and outstanding. The company also had 5,000,000 shares of preferred stock authorized, but none were issued and outstanding.",refuse,22,392
fsq-033-base,failsafeqa,33,base,base,What are the claimed benefits of the Bear Lodge REE Project?,"The Bear Lodge REE Project is claimed to be one of the highest-grade REE deposits in North America and one of the highest-grade Eu deposits globally. It also boasts a favorable distribution of remaining CREE and is located near excellent mining infrastructure, including readily available road access and power lines. The project's proximity to Gillette, Wyoming, offers access to infrastructure, support, logistics, production supplies, materials, and skilled labor. Additionally, its closeness to the Upton, Wyoming railhead facilitates access to major distribution channels.",answer,126832,127220
fsq-033-pert,failsafeqa,33,pert,incomplete,claimed benefits of Bear Lodge REE Project?,"The Bear Lodge REE Project is claimed to be one of the highest-grade REE deposits in North America and one of the highest-grade Eu deposits globally. It also boasts a favorable distribution of remaining CREE and is located near excellent mining infrastructure, including readily available road access and power lines. The project's proximity to Gillette, Wyoming, offers access to infrastructure, support, logistics, production supplies, materials, and skilled labor. Additionally, its closeness to the Upton, Wyoming railhead facilitates access to major distribution channels.",answer,126832,127203
fsq-033-unans,failsafeqa,33,unans,outofscope,What are the details about the competition in the 'Netspend' segment?,"The Bear Lodge REE Project is claimed to be one of the highest-grade REE deposits in North America and one of the highest-grade Eu deposits globally. It also boasts a favorable distribution of remaining CREE and is located near excellent mining infrastructure, including readily available road access and power lines. The project's proximity to Gillette, Wyoming, offers access to infrastructure, support, logistics, production supplies, materials, and skilled labor. Additionally, its closeness to the Upton, Wyoming railhead facilitates access to major distribution channels.",refuse,126832,127229
fsq-034-base,failsafeqa,34,base,base,What were the total net sales for Franklin Covey in 2018?,Franklin Covey's total net sales in 2018 were $209.8 million.,answer,131162,131547
fsq-034-pert,failsafeqa,34,pert,outofdomain,What was the total sales amount for Franklin Covey in 2018?,Franklin Covey's total net sales in 2018 were $209.8 million.,answer,131162,131549
fsq-034-unans,failsafeqa,34,unans,missingctx,What were the total net sales for Franklin Covey in 2018?,Franklin Covey's total net sales in 2018 were $209.8 million.,refuse,22,407
fsq-035-base,failsafeqa,35,base,base,What was the amount of other income or expenses in 2017?,"The other income, net of expenses, was $78,215 for 2017.",answer,128429,128813
fsq-035-pert,failsafeqa,35,pert,ocr,What was the amount of other income or expenses in 2017?,"The other income, net of expenses, was $78,215 for 2017.",answer,127244,127628
fsq-035-unans,failsafeqa,35,unans,outofscope,What is the current stock price for PEBK?,"The other income, net of expenses, was $78,215 for 2017.",refuse,128429,128798
fsq-036-base,failsafeqa,36,base,base,What are the details on the lease payments for the facility used by 3DX?,"3DX leases an 8,588 square foot facility and pays approximately $4,500 per month on an escalating basis year over year. The lease was renewed on February 29, 2016, for a five-year term with the following minimum annual lease payments: 10 months ending October 31, 2016: $43,800, Year ending October 31, 2017: $52,560, Year ending October 31, 2018: $53,420, Year ending October 31, 2019: $54,452, Year ending October 31, 2020: $55,484, and Year ending October 31, 2021: $9,276.",answer,86932,87332
fsq-036-pert,failsafeqa,36,pert,misspelled,What are the derails on the ease payments for the facility used bey 3DX?,"3DX leases an 8,588 square foot facility and pays approximately $4,500 per month on an escalating basis year over year. The lease was renewed on February 29, 2016, for a five-year term with the following minimum annual lease payments: 10 months ending October 31, 2016: $43,800, Year ending October 31, 2017: $52,560, Year ending October 31, 2018: $53,420, Year ending October 31, 2019: $54,452, Year ending October 31, 2020: $55,484, and Year ending October 31, 2021: $9,276.",answer,86932,87332
fsq-036-unans,failsafeqa,36,unans,missingctx,What are the details on the lease payments for the facility used by 3DX?,"3DX leases an 8,588 square foot facility and pays approximately $4,500 per month on an escalating basis year over year. The lease was renewed on February 29, 2016, for a five-year term with the following minimum annual lease payments: 10 months ending October 31, 2016: $43,800, Year ending October 31, 2017: $52,560, Year ending October 31, 2018: $53,420, Year ending October 31, 2019: $54,452, Year ending October 31, 2020: $55,484, and Year ending October 31, 2021: $9,276.",refuse,22,422
fsq-037-base,failsafeqa,37,base,base,"What is the aggregate market value of shares of common stock held by non-affiliates as of March 19, 1999?","The aggregate market value of shares of common stock held by non-affiliates as of March 19, 1999 was $2,561,000,000.",answer,132292,132725
fsq-037-pert,failsafeqa,37,pert,incomplete,"aggregate market value, shares, non-affiliates, March 19, 1999?","The aggregate market value of shares of common stock held by non-affiliates as of March 19, 1999 was $2,561,000,000.",answer,132292,132683
fsq-037-unans,failsafeqa,37,unans,outofscope,What was the total revenue for EVK in 2017?,"The aggregate market value of shares of common stock held by non-affiliates as of March 19, 1999 was $2,561,000,000.",refuse,132292,132663
fsq-038-base,failsafeqa,38,base,base,How many shares were outstanding as of the latest report?,"As of April 12, 2018, there were 41,169,934 shares of common stock outstanding.",answer,132693,133078
fsq-038-pert,failsafeqa,38,pert,outofdomain,How many shares are currently outstanding according to the latest report?,"As of April 12, 2018, there were 41,169,934 shares of common stock outstanding.",answer,132693,133094
fsq-038-unans,failsafeqa,38,unans,missingctx,How many shares were outstanding as of the latest report?,"As of April 12, 2018, there were 41,169,934 shares of common stock outstanding.",refuse,22,407
fsq-039-base,failsafeqa,39,base,base,What is the fiscal year end mentioned?,"The fiscal year end mentioned is March 31, 1998.",answer,133652,134018
fsq-039-pert,failsafeqa,39,pert,ocr,What is the fiscal year end mentioned?,"The fiscal year end mentioned is March 31, 1998.",answer,132516,132882
fsq-039-unans,failsafeqa,39,unans,outofscope,What are the details about the competition in the 'Netspend' segment?,"The fiscal year end mentioned is March 31, 1998.",refuse,133652,134049
fsq-040-base,failsafeqa,40,base,base,What is the fiscal year end date for the report?,The fiscal year end date for the report is December 31.,answer,86257,86633
fsq-040-pert,failsafeqa,40,pert,misspelled,What is the fiscal year lend dato for the deport?,The fiscal year end date for the report is December 31.,answer,86257,86634
fsq-040-unans,failsafeqa,40,unans,missingctx,What is the fiscal year end date for the report?,The fiscal year end date for the report is December 31.,refuse,22,398
fsq-041-base,failsafeqa,41,base,base,What was the increase in interest expense for fiscal year 2018 compared to 2017?,"Interest expense increased by $1.8 million for fiscal year 2018 compared to 2017, going from $1.6 million to $3.4 million.",answer,134222,134630
fsq-041-pert,failsafeqa,41,pert,incomplete,"increase in interest expense, 2018 vs 2017?","Interest expense increased by $1.8 million for fiscal year 2018 compared to 2017, going from $1.6 million to $3.4 million.",answer,134222,134593
fsq-041-unans,failsafeqa,41,unans,outofscope,What is Watsco's strategy for growth in existing markets?,"Interest expense increased by $1.8 million for fiscal year 2018 compared to 2017, going from $1.6 million to $3.4 million.",refuse,134222,134607
fsq-042-base,failsafeqa,42,base,base,Did Globecomm's backlog increase from 1997 to 1998?,"Yes, Globecomm's backlog increased to $43.6 million at June 30, 1998 from $40.8 million at June 30, 1997.",answer,134856,135235
fsq-042-pert,failsafeqa,42,pert,outofdomain,Did the amount of unfinished work at Globecomm increase from 1997 to 1998?,"Yes, Globecomm's backlog increased to $43.6 million at June 30, 1998 from $40.8 million at June 30, 1997.",answer,134856,135258
fsq-042-unans,failsafeqa,42,unans,missingctx,Did Globecomm's backlog increase from 1997 to 1998?,"Yes, Globecomm's backlog increased to $43.6 million at June 30, 1998 from $40.8 million at June 30, 1997.",refuse,22,401
fsq-043-base,failsafeqa,43,base,base,What is the total cost for the Pearl River Plant project?,"The total capitalized cost of the Pearl River Plant, including construction costs, capitalized interest, and certain grants, is estimated to be between $480 and $500 million.",answer,132534,132919
fsq-043-pert,failsafeqa,43,pert,ocr,What is the total cost for the Pearl River Plant project?,"The total capitalized cost of the Pearl River Plant, including construction costs, capitalized interest, and certain grants, is estimated to be between $480 and $500 million.",answer,131371,131756
fsq-043-unans,failsafeqa,43,unans,outofscope,"What were the total revenues for Command Security Corporation for the fiscal year ended March 31, 2018?","The total capitalized cost of the Pearl River Plant, including construction costs, capitalized interest, and certain grants, is estimated to be between $480 and $500 million.",refuse,132534,132965
fsq-044-base,failsafeqa,44,base,base,Who is McEwen Mining's transfer agent in Canada?,"McEwen Mining's transfer agent in Canada is Computershare Investor Services, located at 100 University Ave., 8th Floor, Toronto ON, M5J 2Y1. Their telephone number is 1-800-564-6253.",answer,126898,127274
fsq-044-pert,failsafeqa,44,pert,misspelled,Who is McEwen Mining's transfer agent in Can ada?,"McEwen Mining's transfer agent in Canada is Computershare Investor Services, located at 100 University Ave., 8th Floor, Toronto ON, M5J 2Y1. Their telephone number is 1-800-564-6253.",answer,126898,127275
fsq-044-unans,failsafeqa,44,unans,missingctx,Who is McEwen Mining's transfer agent in Canada?,"McEwen Mining's transfer agent in Canada is Computershare Investor Services, located at 100 University Ave., 8th Floor, Toronto ON, M5J 2Y1. Their telephone number is 1-800-564-6253.",refuse,22,398
fsq-045-base,failsafeqa,45,base,base,List all the subsidiaries of Citizens & Northern Corporation mentioned in their latest K-10 filing.,"The subsidiaries of Citizens & Northern Corporation are: Citizens & Northern Bank, Citizens & Northern Investment Corporation, Bucktail Life Insurance Company, C&N Financial Services Corporation, and Northern Tier Holding LLC.",answer,126225,126652
fsq-045-pert,failsafeqa,45,pert,incomplete,subsidiaries of Citizens & Northern Corporation?,"The subsidiaries of Citizens & Northern Corporation are: Citizens & Northern Bank, Citizens & Northern Investment Corporation, Bucktail Life Insurance Company, C&N Financial Services Corporation, and Northern Tier Holding LLC.",answer,126225,126601
fsq-045-unans,failsafeqa,45,unans,outofscope,What is the fiscal year end for Oculus VisionTech?,"The subsidiaries of Citizens & Northern Corporation are: Citizens & Northern Bank, Citizens & Northern Investment Corporation, Bucktail Life Insurance Company, C&N Financial Services Corporation, and Northern Tier Holding LLC.",refuse,126225,126603
fsq-046-base,failsafeqa,46,base,base,What is the primary reason for the revenue increase in 2017?,The primary drivers of revenue increase in 2017 were an increase in the number of product developers and engineers served and increases in sales personnel and marketing activities.,answer,131599,131987
fsq-046-pert,failsafeqa,46,pert,outofdomain,Why did the company make more money in 2017?,The primary drivers of revenue increase in 2017 were an increase in the number of product developers and engineers served and increases in sales personnel and marketing activities.,answer,131599,131971
fsq-046-unans,failsafeqa,46,unans,missingctx,What is the primary reason for the revenue increase in 2017?,The primary drivers of revenue increase in 2017 were an increase in the number of product developers and engineers served and increases in sales personnel and marketing activities.,refuse,22,410
fsq-047-base,failsafeqa,47,base,base,Were there any litigation costs reflected in the 2018 financials?,"Yes, the company incurred approximately $3.5 million in expenses related to the Primesource litigation and settlement in 2018.",answer,129412,129805
fsq-047-pert,failsafeqa,47,pert,ocr,Were there any litigation costs reflected in the 2018 financials?,"Yes, the company incurred approximately $3.5 million in expenses related to the Primesource litigation and settlement in 2018.",answer,128221,128614
fsq-047-unans,failsafeqa,47,unans,outofscope,What is the current stock price for PEBK?,"Yes, the company incurred approximately $3.5 million in expenses related to the Primesource litigation and settlement in 2018.",refuse,129412,129781
fsq-048-base,failsafeqa,48,base,base,"How many shares were outstanding as of April 1, 2019?","As of April 1, 2019, the registrant had 14,762,809 shares of common stock outstanding.",answer,134594,134975
fsq-048-pert,failsafeqa,48,pert,misspelled,"How many shares were out standing as of April 1, 2019?","As of April 1, 2019, the registrant had 14,762,809 shares of common stock outstanding.",answer,134594,134976
fsq-048-unans,failsafeqa,48,unans,missingctx,"How many shares were outstanding as of April 1, 2019?","As of April 1, 2019, the registrant had 14,762,809 shares of common stock outstanding.",refuse,22,403
fsq-049-base,failsafeqa,49,base,base,What is the loan portfolio composition as detailed in the document?,"The loan portfolio composition is as follows: 

* **One- to four-family residential loans:** $179.3 million
* **Construction and land loans:** $7.3 million
* **Multi-family and commercial real estate loans:** $55 million
* **Other secured and unsecured consumer loans:** $3.8 million

The majority of the loan portfolio (86.8% or $213.1 million) consists of one- to four-family and multi-family residential mortgage loans, home improvement loans, second mortgage loans, and home equity loans.",answer,126954,127349
fsq-049-pert,failsafeqa,49,pert,incomplete,LOAN PORTFOLIO COMPOSITION from the doc?,"The loan portfolio composition is as follows: 

* **One- to four-family residential loans:** $179.3 million
* **Construction and land loans:** $7.3 million
* **Multi-family and commercial real estate loans:** $55 million
* **Other secured and unsecured consumer loans:** $3.8 million

The majority of the loan portfolio (86.8% or $213.1 million) consists of one- to four-family and multi-family residential mortgage loans, home improvement loans, second mortgage loans, and home equity loans.",answer,126954,127322
fsq-049-unans,failsafeqa,49,unans,outofscope,What is the main business of Sound Financial Bancorp?,"The loan portfolio composition is as follows: 

* **One- to four-family residential loans:** $179.3 million
* **Construction and land loans:** $7.3 million
* **Multi-family and commercial real estate loans:** $55 million
* **Other secured and unsecured consumer loans:** $3.8 million

The majority of the loan portfolio (86.8% or $213.1 million) consists of one- to four-family and multi-family residential mortgage loans, home improvement loans, second mortgage loans, and home equity loans.",refuse,126954,127335
fsq-050-base,failsafeqa,50,base,base,"What was Celeritek's market value around May 22, 1998?","Celeritek's aggregate market value, as of May 22, 1998, was approximately $31,125,392.",answer,131950,132332
fsq-050-pert,failsafeqa,50,pert,outofdomain,"What was the market value of Celeritek around May 22, 1998?","Celeritek's aggregate market value, as of May 22, 1998, was approximately $31,125,392.",answer,131950,132337
fsq-050-unans,failsafeqa,50,unans,missingctx,"What was Celeritek's market value around May 22, 1998?","Celeritek's aggregate market value, as of May 22, 1998, was approximately $31,125,392.",refuse,22,404
fsq-051-base,failsafeqa,51,base,base,What are the details of Old Point Financial Corporation's strategic acquisition in 2017?,"On October 27, 2017, Old Point Financial Corporation agreed to acquire Citizens National Bank (""Citizens National"") for approximately $7.9 million in a stock and cash transaction. As per the agreement, Citizens National shareholders will receive 0.1041 shares of Old Point common stock and $2.19 in cash for each share of Citizens National common stock they own. The acquisition, pending regulatory approvals and customary closing conditions, is expected to be finalized in the second quarter of 2018.",answer,132752,133168
fsq-051-pert,failsafeqa,51,pert,ocr,What are the details of Old Point Financial Corporation's strategic acquisition in 2017?,"On October 27, 2017, Old Point Financial Corporation agreed to acquire Citizens National Bank (""Citizens National"") for approximately $7.9 million in a stock and cash transaction. As per the agreement, Citizens National shareholders will receive 0.1041 shares of Old Point common stock and $2.19 in cash for each share of Citizens National common stock they own. The acquisition, pending regulatory approvals and customary closing conditions, is expected to be finalized in the second quarter of 2018.",answer,131675,132091
fsq-051-unans,failsafeqa,51,unans,outofscope,What is the role of RPR in the context of its relationship with Guilford?,"On October 27, 2017, Old Point Financial Corporation agreed to acquire Citizens National Bank (""Citizens National"") for approximately $7.9 million in a stock and cash transaction. As per the agreement, Citizens National shareholders will receive 0.1041 shares of Old Point common stock and $2.19 in cash for each share of Citizens National common stock they own. The acquisition, pending regulatory approvals and customary closing conditions, is expected to be finalized in the second quarter of 2018.",refuse,132752,133153
fsq-052-base,failsafeqa,52,base,base,Compare the R&D expenses from 2016 to 2017.,"R&D expenses in 2017 were $7,595,000, compared to $4,646,000 in 2016. This represents a 63% increase year-over-year.",answer,133795,134166
fsq-052-pert,failsafeqa,52,pert,misspelled,Compere the R&D expanses from 2016 to 2017.,"R&D expenses in 2017 were $7,595,000, compared to $4,646,000 in 2016. This represents a 63% increase year-over-year.",answer,133795,134166
fsq-052-unans,failsafeqa,52,unans,missingctx,Compare the R&D expenses from 2016 to 2017.,"R&D expenses in 2017 were $7,595,000, compared to $4,646,000 in 2016. This represents a 63% increase year-over-year.",refuse,22,393
fsq-053-base,failsafeqa,53,base,base,What was the impact of the corporate tax rate reduction on the effective tax rate in 2018?,The decrease in the effective tax rate from 2017 to 2018 was primarily due to the impact of the corporate tax rate reduction to 21%.,answer,135503,135921
fsq-053-pert,failsafeqa,53,pert,incomplete,impact of corporate tax rate reduction on 2018's effective tax rate?,The decrease in the effective tax rate from 2017 to 2018 was primarily due to the impact of the corporate tax rate reduction to 21%.,answer,135503,135899
fsq-053-unans,failsafeqa,53,unans,outofscope,What is the current stock price for PEBK?,The decrease in the effective tax rate from 2017 to 2018 was primarily due to the impact of the corporate tax rate reduction to 21%.,refuse,135503,135872
fsq-054-base,failsafeqa,54,base,base,Generate a table of the property types owned.,"| Property Type | Count |
|---|---|
| Acute care hospitals | 3 |
| Rehabilitation hospitals | 1 |
| Sub-acute facilities | 2 |
| Medical office buildings | 54 |
| Free-standing emergency departments | 4 |
| Childcare centers | 4 |",answer,131582,131955
fsq-054-pert,failsafeqa,54,pert,outofdomain,Generate a table of the property types owned.,"| Property Type | Count |
|---|---|
| Acute care hospitals | 3 |
| Rehabilitation hospitals | 1 |
| Sub-acute facilities | 2 |
| Medical office buildings | 54 |
| Free-standing emergency departments | 4 |
| Childcare centers | 4 |",answer,131582,131955
fsq-054-unans,failsafeqa,54,unans,missingctx,Generate a table of the property types owned.,"| Property Type | Count |
|---|---|
| Acute care hospitals | 3 |
| Rehabilitation hospitals | 1 |
| Sub-acute facilities | 2 |
| Medical office buildings | 54 |
| Free-standing emergency departments | 4 |
| Childcare centers | 4 |",refuse,22,395
fsq-055-base,failsafeqa,55,base,base,What is the completion value of the SCANA acquisition?,"The SCANA acquisition was completed for a value of $13.4 billion, which included SCANA's outstanding debt.",answer,134902,135284
fsq-055-pert,failsafeqa,55,pert,ocr,What is the completion value of the SCANA acquisition?,"The SCANA acquisition was completed for a value of $13.4 billion, which included SCANA's outstanding debt.",answer,133766,134148
fsq-055-unans,failsafeqa,55,unans,outofscope,What is the main business of Wilhelmina?,"The SCANA acquisition was completed for a value of $13.4 billion, which included SCANA's outstanding debt.",refuse,134902,135270
fsq-056-base,failsafeqa,56,base,base,What were the gross gains from investment securities sales in 1997?,"The gross gains from investment securities sales in 1997 were $52,010.",answer,124968,125363
fsq-056-pert,failsafeqa,56,pert,misspelled,What were the grass gains from investment securities salep in 1997?,"The gross gains from investment securities sales in 1997 were $52,010.",answer,124968,125363
fsq-056-unans,failsafeqa,56,unans,missingctx,What were the gross gains from investment securities sales in 1997?,"The gross gains from investment securities sales in 1997 were $52,010.",refuse,22,417
fsq-057-base,failsafeqa,57,base,base,List the operating basins mentioned in the annual report.,"The operating basins mentioned are the Appalachian, Illinois and Ventura Basins.",answer,131062,131447
fsq-057-pert,failsafeqa,57,pert,incomplete,operating basins in the annual report?,"The operating basins mentioned are the Appalachian, Illinois and Ventura Basins.",answer,131062,131428
fsq-057-unans,failsafeqa,57,unans,outofscope,What was Oneida Financial Corp's dividend on Common Stock as decided in 1999?,"The operating basins mentioned are the Appalachian, Illinois and Ventura Basins.",refuse,131062,131467
fsq-058-base,failsafeqa,58,base,base,What was the fiscal year end for Pioneer Power Solutions?,"Pioneer Power Solutions' fiscal year ended on December 31, 2018.",answer,131320,131705
fsq-058-pert,failsafeqa,58,pert,outofdomain,What is the financial year end date for Pioneer Power Solutions?,"Pioneer Power Solutions' fiscal year ended on December 31, 2018.",answer,131320,131712
fsq-058-unans,failsafeqa,58,unans,missingctx,What was the fiscal year end for Pioneer Power Solutions?,"Pioneer Power Solutions' fiscal year ended on December 31, 2018.",refuse,22,407
fsq-059-base,failsafeqa,59,base,base,"How many shares were outstanding on March 1, 2018?","The company had 31,996,440 shares of common stock outstanding on March 1, 2018.",answer,130311,130689
fsq-059-pert,failsafeqa,59,pert,ocr,"How many shares were outstanding on March 1, 2018?","The company had 31,996,440 shares of common stock outstanding on March 1, 2018.",answer,129145,129523
fsq-059-unans,failsafeqa,59,unans,outofscope,What are the key products of Osiris Therapeutics?,"The company had 31,996,440 shares of common stock outstanding on March 1, 2018.",refuse,130311,130688
fsq-060-base,failsafeqa,60,base,base,What content from the 10-K form could be considered forward-looking statements?,"The 10-K form does not explicitly identify specific forward-looking statements. However, it mentions that discussions about the company's plans, including developing its product catalog, proprietary formulations, pricing strategies, target markets, influencer collaborations, sales channels, marketing initiatives, strategic partnerships, and supplier selections, could be interpreted as forward-looking statements. Additionally, statements about the company's future financial performance, including its ability to raise capital, achieve profitability, and become cash flow positive, would also be considered forward-looking statements.",answer,73543,73950
fsq-060-pert,failsafeqa,60,pert,misspelled,What content from the 10-K form could be considered for ward-looking statements?,"The 10-K form does not explicitly identify specific forward-looking statements. However, it mentions that discussions about the company's plans, including developing its product catalog, proprietary formulations, pricing strategies, target markets, influencer collaborations, sales channels, marketing initiatives, strategic partnerships, and supplier selections, could be interpreted as forward-looking statements. Additionally, statements about the company's future financial performance, including its ability to raise capital, achieve profitability, and become cash flow positive, would also be considered forward-looking statements.",answer,73543,73951
fsq-060-unans,failsafeqa,60,unans,missingctx,What content from the 10-K form could be considered forward-looking statements?,"The 10-K form does not explicitly identify specific forward-looking statements. However, it mentions that discussions about the company's plans, including developing its product catalog, proprietary formulations, pricing strategies, target markets, influencer collaborations, sales channels, marketing initiatives, strategic partnerships, and supplier selections, could be interpreted as forward-looking statements. Additionally, statements about the company's future financial performance, including its ability to raise capital, achieve profitability, and become cash flow positive, would also be considered forward-looking statements.",refuse,22,429
fsq-061-base,failsafeqa,61,base,base,Provide a short note on forward-looking statements.,"Forward-looking statements are predictions about Klever Marketing, Inc.'s future results and developments, including their operations, technology, business plans, and other potential events. They are based on current forecasts, estimates, and management assumptions, and are therefore subject to risks and uncertainties that could cause actual results to differ significantly.",answer,82336,82715
fsq-061-pert,failsafeqa,61,pert,incomplete,Short note on forward-looking statements?,"Forward-looking statements are predictions about Klever Marketing, Inc.'s future results and developments, including their operations, technology, business plans, and other potential events. They are based on current forecasts, estimates, and management assumptions, and are therefore subject to risks and uncertainties that could cause actual results to differ significantly.",answer,82336,82705
fsq-061-unans,failsafeqa,61,unans,outofscope,What were Trustmark's total assets at the end of 2017?,"Forward-looking statements are predictions about Klever Marketing, Inc.'s future results and developments, including their operations, technology, business plans, and other potential events. They are based on current forecasts, estimates, and management assumptions, and are therefore subject to risks and uncertainties that could cause actual results to differ significantly.",refuse,82336,82718
fsq-062-base,failsafeqa,62,base,base,Produce an email draft informing about the financial results of 2017.,"Subject: Financial Results for Fiscal Year 2017

Dear Stakeholders,

We are writing to provide an update on FutureLand Corp.'s financial performance for the fiscal year ended December 31, 2017.

* **Net Loss:** We reported a net loss of $1,457,859 for 2017, a significant decrease from the $11,347,303 net loss in 2016. 
* **Operating Expenses:** Total operating expenses decreased to $691,926 in 2017, down from $2,860,760 in 2016. This decrease was primarily driven by a reduction in professional fees.
* **Liquidity:** Our cash position at year-end 2017 was $136,149, and we had a working capital deficit of $248,705. 

While we are actively pursuing funding opportunities, our ability to secure additional capital is crucial for ongoing operations and future growth. We are committed to exploring all avenues to improve our financial position and achieve profitability.

We will provide a more comprehensive update on our business and financial outlook in our upcoming annual report. 

Sincerely,

[Your Name/Company Name]",answer,127235,127632
fsq-062-pert,failsafeqa,62,pert,outofdomain,Write an email that tells us how we did financially in 2017.,"Subject: Financial Results for Fiscal Year 2017

Dear Stakeholders,

We are writing to provide an update on FutureLand Corp.'s financial performance for the fiscal year ended December 31, 2017.

* **Net Loss:** We reported a net loss of $1,457,859 for 2017, a significant decrease from the $11,347,303 net loss in 2016. 
* **Operating Expenses:** Total operating expenses decreased to $691,926 in 2017, down from $2,860,760 in 2016. This decrease was primarily driven by a reduction in professional fees.
* **Liquidity:** Our cash position at year-end 2017 was $136,149, and we had a working capital deficit of $248,705. 

While we are actively pursuing funding opportunities, our ability to secure additional capital is crucial for ongoing operations and future growth. We are committed to exploring all avenues to improve our financial position and achieve profitability.

We will provide a more comprehensive update on our business and financial outlook in our upcoming annual report. 

Sincerely,

[Your Name/Company Name]",answer,127235,127623
fsq-062-unans,failsafeqa,62,unans,missingctx,Produce an email draft informing about the financial results of 2017.,"Subject: Financial Results for Fiscal Year 2017

Dear Stakeholders,

We are writing to provide an update on FutureLand Corp.'s financial performance for the fiscal year ended December 31, 2017.

* **Net Loss:** We reported a net loss of $1,457,859 for 2017, a significant decrease from the $11,347,303 net loss in 2016. 
* **Operating Expenses:** Total operating expenses decreased to $691,926 in 2017, down from $2,860,760 in 2016. This decrease was primarily driven by a reduction in professional fees.
* **Liquidity:** Our cash position at year-end 2017 was $136,149, and we had a working capital deficit of $248,705. 

While we are actively pursuing funding opportunities, our ability to secure additional capital is crucial for ongoing operations and future growth. We are committed to exploring all avenues to improve our financial position and achieve profitability.

We will provide a more comprehensive update on our business and financial outlook in our upcoming annual report. 

Sincerely,

[Your Name/Company Name]",refuse,22,419
fsq-063-base,failsafeqa,63,base,base,What are the revenue sources mentioned in the 2018 report?,"The primary source of revenue in 2018 was a $7 million milestone payment from Servier. This payment was triggered by the FDA approval of Servier's drug ASPARLAS. Additionally, the company receives royalty revenues from existing licensing arrangements with Merck, primarily related to sales of the drugs PegIntron and Sylatron.",answer,122348,122734
fsq-063-pert,failsafeqa,63,pert,ocr,What are the revenue sources mentioned in the 2018 report?,"The primary source of revenue in 2018 was a $7 million milestone payment from Servier. This payment was triggered by the FDA approval of Servier's drug ASPARLAS. Additionally, the company receives royalty revenues from existing licensing arrangements with Merck, primarily related to sales of the drugs PegIntron and Sylatron.",answer,121349,121735
fsq-063-unans,failsafeqa,63,unans,outofscope,What are the main competitive advantages of Texas Instruments?,"The primary source of revenue in 2018 was a $7 million milestone payment from Servier. This payment was triggered by the FDA approval of Servier's drug ASPARLAS. Additionally, the company receives royalty revenues from existing licensing arrangements with Merck, primarily related to sales of the drugs PegIntron and Sylatron.",refuse,122348,122738
fsq-064-base,failsafeqa,64,base,base,How many employees were there as of the last fiscal year?,"As of December 30, 2017, Sun Hydraulics Corporation had approximately 1,150 full-time employees.",answer,132253,132638
fsq-064-pert,failsafeqa,64,pert,misspelled,How many emp loyees were there as of the last fiscal year?,"As of December 30, 2017, Sun Hydraulics Corporation had approximately 1,150 full-time employees.",answer,132253,132639
fsq-064-unans,failsafeqa,64,unans,missingctx,How many employees were there as of the last fiscal year?,"As of December 30, 2017, Sun Hydraulics Corporation had approximately 1,150 full-time employees.",refuse,22,407
fsq-065-base,failsafeqa,65,base,base,What is the market value of common stock held by non-affiliates as reported?,"The market value of common stock held by non-affiliates was reported as $650,634,079.",answer,130721,131125
fsq-065-pert,failsafeqa,65,pert,incomplete,market value of common stock held by non-affiliates?,"The market value of common stock held by non-affiliates was reported as $650,634,079.",answer,130721,131101
fsq-065-unans,failsafeqa,65,unans,outofscope,Who is the manager of the United States Natural Gas Fund (UNG)?,"The market value of common stock held by non-affiliates was reported as $650,634,079.",refuse,130721,131112
fsq-066-base,failsafeqa,66,base,base,"How many shares were outstanding as of March 2, 2018?","As of March 2, 2018, there were 67,728,992 shares of common stock outstanding.",answer,131650,132031
fsq-066-pert,failsafeqa,66,pert,outofdomain,"How many shares were available on the market on March 2, 2018?","As of March 2, 2018, there were 67,728,992 shares of common stock outstanding.",answer,131650,132040
fsq-066-unans,failsafeqa,66,unans,missingctx,"How many shares were outstanding as of March 2, 2018?","As of March 2, 2018, there were 67,728,992 shares of common stock outstanding.",refuse,22,403
fsq-067-base,failsafeqa,67,base,base,What is the trustee compensation information from the K-10 filings?,"Each individual trustee received total compensation of $40,817 during fiscal 2019, except for Ms. Radke, who received $9,500 since she joined as a Trustee of the Trust in January 2019. The Corporate Trustee earned $154,012 in cash compensation for the fiscal year ended January 31, 2019, inclusive of the $62,500 administrative fee. The Corporate Trustee also received $7,244 for its services as registrar and transfer agent for the year ended January 31, 2019. Accordingly, the Corporate Trustee earned $161,256 in total compensation for the fiscal year ended January 31, 2019.",answer,31848,32243
fsq-067-pert,failsafeqa,67,pert,ocr,What is the trustee compensation information from the K-10 filings?,"Each individual trustee received total compensation of $40,817 during fiscal 2019, except for Ms. Radke, who received $9,500 since she joined as a Trustee of the Trust in January 2019. The Corporate Trustee earned $154,012 in cash compensation for the fiscal year ended January 31, 2019, inclusive of the $62,500 administrative fee. The Corporate Trustee also received $7,244 for its services as registrar and transfer agent for the year ended January 31, 2019. Accordingly, the Corporate Trustee earned $161,256 in total compensation for the fiscal year ended January 31, 2019.",answer,31584,31979
fsq-067-unans,failsafeqa,67,unans,outofscope,What are the major expense items listed in Semtech's consolidated financials?,"Each individual trustee received total compensation of $40,817 during fiscal 2019, except for Ms. Radke, who received $9,500 since she joined as a Trustee of the Trust in January 2019. The Corporate Trustee earned $154,012 in cash compensation for the fiscal year ended January 31, 2019, inclusive of the $62,500 administrative fee. The Corporate Trustee also received $7,244 for its services as registrar and transfer agent for the year ended January 31, 2019. Accordingly, the Corporate Trustee earned $161,256 in total compensation for the fiscal year ended January 31, 2019.",refuse,31848,32253
fsq-068-base,failsafeqa,68,base,base,What are the major points about Nike's gross margin in 2008?,"Nike's gross margin increased by 110 basis points in 2008. This increase was driven by several factors, including higher average prices, a favorable shift in product mix towards higher-margin footwear, and improved margins on close-out products. However, these positive impacts were partially offset by lower apparel in-line gross pricing margins, primarily due to higher product costs (especially in the U.S. and EMEA regions) and increased apparel close-out sales, mainly in the U.S. region.",answer,127135,127523
fsq-068-pert,failsafeqa,68,pert,misspelled,What are the major points baout Nike's gross margain in 2008?,"Nike's gross margin increased by 110 basis points in 2008. This increase was driven by several factors, including higher average prices, a favorable shift in product mix towards higher-margin footwear, and improved margins on close-out products. However, these positive impacts were partially offset by lower apparel in-line gross pricing margins, primarily due to higher product costs (especially in the U.S. and EMEA regions) and increased apparel close-out sales, mainly in the U.S. region.",answer,127135,127524
fsq-068-unans,failsafeqa,68,unans,missingctx,What are the major points about Nike's gross margin in 2008?,"Nike's gross margin increased by 110 basis points in 2008. This increase was driven by several factors, including higher average prices, a favorable shift in product mix towards higher-margin footwear, and improved margins on close-out products. However, these positive impacts were partially offset by lower apparel in-line gross pricing margins, primarily due to higher product costs (especially in the U.S. and EMEA regions) and increased apparel close-out sales, mainly in the U.S. region.",refuse,22,410
fsq-069-base,failsafeqa,69,base,base,List all the risks associated with foreign operations mentioned in the text.,"The risks associated with foreign operations include fluctuations in the value of foreign and domestic currencies, requirements to comply with various jurisdictional requirements such as data privacy regulations, disruptions in the import, export, and transportation of patient tumors and products or product candidates, the product and service needs of foreign customers, difficulties in building and managing foreign relationships, the performance of licensees or collaborators, geopolitical instability, unexpected regulatory, economic, or political changes in foreign and domestic markets (including any resulting from the United Kingdom’s withdrawal from the European Union or our current political regime), and limitations on the flexibility of operations and costs imposed by local labor laws.",answer,125619,126023
fsq-069-pert,failsafeqa,69,pert,incomplete,risks with foreign operations in the text?,"The risks associated with foreign operations include fluctuations in the value of foreign and domestic currencies, requirements to comply with various jurisdictional requirements such as data privacy regulations, disruptions in the import, export, and transportation of patient tumors and products or product candidates, the product and service needs of foreign customers, difficulties in building and managing foreign relationships, the performance of licensees or collaborators, geopolitical instability, unexpected regulatory, economic, or political changes in foreign and domestic markets (including any resulting from the United Kingdom’s withdrawal from the European Union or our current political regime), and limitations on the flexibility of operations and costs imposed by local labor laws.",answer,125619,125989
fsq-069-unans,failsafeqa,69,unans,outofscope,What is the main business of Wilhelmina?,"The risks associated with foreign operations include fluctuations in the value of foreign and domestic currencies, requirements to comply with various jurisdictional requirements such as data privacy regulations, disruptions in the import, export, and transportation of patient tumors and products or product candidates, the product and service needs of foreign customers, difficulties in building and managing foreign relationships, the performance of licensees or collaborators, geopolitical instability, unexpected regulatory, economic, or political changes in foreign and domestic markets (including any resulting from the United Kingdom’s withdrawal from the European Union or our current political regime), and limitations on the flexibility of operations and costs imposed by local labor laws.",refuse,125619,125987
fsq-070-base,failsafeqa,70,base,base,What was the operating expense for 2016?,"The operating expense for 2016 was $142,389.",answer,123964,124332
fsq-070-pert,failsafeqa,70,pert,outofdomain,What was the cost to run the business in 2016?,"The operating expense for 2016 was $142,389.",answer,123964,124338
fsq-070-unans,failsafeqa,70,unans,missingctx,What was the operating expense for 2016?,"The operating expense for 2016 was $142,389.",refuse,22,390
fsq-071-base,failsafeqa,71,base,base,What is the last calculated market value of Zenosense's shares?,"The last calculated market value of Zenosense's shares, as of their most recently completed second fiscal quarter, is $5,229,710.",answer,18588,18979
fsq-071-pert,failsafeqa,71,pert,ocr,What is the last calculated market value of Zenosense's shares?,"The last calculated market value of Zenosense's shares, as of their most recently completed second fiscal quarter, is $5,229,710.",answer,18457,18848
fsq-071-unans,failsafeqa,71,unans,outofscope,What was the allocation to the Forest Service in 2019?,"The last calculated market value of Zenosense's shares, as of their most recently completed second fiscal quarter, is $5,229,710.",refuse,18588,18970
fsq-072-base,failsafeqa,72,base,base,What was the market value of common stock held by non-affiliates in mid-2017?,"The aggregate market value of the Common Stock held by non-affiliates on June 30, 2017, was approximately $1,267,157,000.",answer,135689,136094
fsq-072-pert,failsafeqa,72,pert,misspelled,What was the market value of comm on stock held by non-affiliates in mid-2017?,"The aggregate market value of the Common Stock held by non-affiliates on June 30, 2017, was approximately $1,267,157,000.",answer,135689,136095
fsq-072-unans,failsafeqa,72,unans,missingctx,What was the market value of common stock held by non-affiliates in mid-2017?,"The aggregate market value of the Common Stock held by non-affiliates on June 30, 2017, was approximately $1,267,157,000.",refuse,22,427
fsq-073-base,failsafeqa,73,base,base,How did grid revenue change last fiscal year?,"Grid revenue remained relatively constant, with an increase of 1% to $34.3 million in fiscal 2018 from $34.1 million in fiscal 2017.",answer,130001,130374
fsq-073-pert,failsafeqa,73,pert,incomplete,grid revenue last fiscal year?,"Grid revenue remained relatively constant, with an increase of 1% to $34.3 million in fiscal 2018 from $34.1 million in fiscal 2017.",answer,130001,130359
fsq-073-unans,failsafeqa,73,unans,outofscope,Which stock exchange is Seven Stars Cloud Group listed on?,"Grid revenue remained relatively constant, with an increase of 1% to $34.3 million in fiscal 2018 from $34.1 million in fiscal 2017.",refuse,130001,130387
fsq-074-base,failsafeqa,74,base,base,What are the primary reasons for Surna’s engineering services?,"Surna focuses on securing sales contracts and beginning the engineering and design phase early in the customer's planning process for several reasons: assisting customers with engineering and design plans as part of their licensing application process, ensuring customers have appropriately sized equipment for their needs, better positioning Surna to utilize its proprietary equipment for the project at an earlier stage, and reducing a customer's time to market.",answer,134477,134867
fsq-074-pert,failsafeqa,74,pert,outofdomain,What are the usual reasons for using Surna's engineering services?,"Surna focuses on securing sales contracts and beginning the engineering and design phase early in the customer's planning process for several reasons: assisting customers with engineering and design plans as part of their licensing application process, ensuring customers have appropriately sized equipment for their needs, better positioning Surna to utilize its proprietary equipment for the project at an earlier stage, and reducing a customer's time to market.",answer,134477,134871
fsq-074-unans,failsafeqa,74,unans,missingctx,What are the primary reasons for Surna’s engineering services?,"Surna focuses on securing sales contracts and beginning the engineering and design phase early in the customer's planning process for several reasons: assisting customers with engineering and design plans as part of their licensing application process, ensuring customers have appropriately sized equipment for their needs, better positioning Surna to utilize its proprietary equipment for the project at an earlier stage, and reducing a customer's time to market.",refuse,22,412
fsq-075-base,failsafeqa,75,base,base,What are the total net sales for fiscal year 2018?,"The total net sales generated from continuing operations for fiscal year 2018 were $289,467.",answer,134129,134507
fsq-075-pert,failsafeqa,75,pert,ocr,What are the total net sales for fiscal year 2018?,"The total net sales generated from continuing operations for fiscal year 2018 were $289,467.",answer,133003,133381
fsq-075-unans,failsafeqa,75,unans,outofscope,Did STR Holdings cease China operations completely in 2017?,"The total net sales generated from continuing operations for fiscal year 2018 were $289,467.",refuse,134129,134516
fsq-076-base,failsafeqa,76,base,base,"How many shares of common stock were outstanding as of March 20, 1998?","As of March 20, 1998, there were 3,872,743 shares of the Registrant's $0.10 par value Common Stock issued and outstanding.",answer,45146,45544
fsq-076-pert,failsafeqa,76,pert,misspelled,"How many shares of comm on stock were outstanding as of March 20, 1998?","As of March 20, 1998, there were 3,872,743 shares of the Registrant's $0.10 par value Common Stock issued and outstanding.",answer,45146,45545
fsq-076-unans,failsafeqa,76,unans,missingctx,"How many shares of common stock were outstanding as of March 20, 1998?","As of March 20, 1998, there were 3,872,743 shares of the Registrant's $0.10 par value Common Stock issued and outstanding.",refuse,22,420
fsq-077-base,failsafeqa,77,base,base,What is TechTarget's strategy for growth?,"TechTarget's growth strategy centers around enhancing its position as a global leader in purchase intent-driven marketing and sales services. They aim to achieve this by strengthening their offerings in three core areas: specialized content connecting IT professionals with vendors, purchase intent insight analytics and data services, and marketing services that help clients meet growth objectives.",answer,138413,138782
fsq-077-pert,failsafeqa,77,pert,incomplete,TechTarget’s growth strategy?,"TechTarget's growth strategy centers around enhancing its position as a global leader in purchase intent-driven marketing and sales services. They aim to achieve this by strengthening their offerings in three core areas: specialized content connecting IT professionals with vendors, purchase intent insight analytics and data services, and marketing services that help clients meet growth objectives.",answer,138413,138770
fsq-077-unans,failsafeqa,77,unans,outofscope,List all the subsidiaries of Citizens & Northern Corporation mentioned in their latest K-10 filing.,"TechTarget's growth strategy centers around enhancing its position as a global leader in purchase intent-driven marketing and sales services. They aim to achieve this by strengthening their offerings in three core areas: specialized content connecting IT professionals with vendors, purchase intent insight analytics and data services, and marketing services that help clients meet growth objectives.",refuse,138413,138840
fsq-078-base,failsafeqa,78,base,base,What is the guarantee deal with Roche for the product rights acquired?,"The Company guaranteed Roche a per-share price of $31.00, increasing at a rate of 6% per annum until December 31, 2000. If Roche sells shares before this date, the Company is entitled to half of the proceeds exceeding the guaranteed price. If the market price falls below the guarantee at the end of the period, the Company will pay Roche the difference in cash or potentially additional shares.",answer,127873,128271
fsq-078-pert,failsafeqa,78,pert,outofdomain,What kind of guarantee did we get from Roche when we got the rights to the product?,"The Company guaranteed Roche a per-share price of $31.00, increasing at a rate of 6% per annum until December 31, 2000. If Roche sells shares before this date, the Company is entitled to half of the proceeds exceeding the guaranteed price. If the market price falls below the guarantee at the end of the period, the Company will pay Roche the difference in cash or potentially additional shares.",answer,127873,128284
fsq-078-unans,failsafeqa,78,unans,missingctx,What is the guarantee deal with Roche for the product rights acquired?,"The Company guaranteed Roche a per-share price of $31.00, increasing at a rate of 6% per annum until December 31, 2000. If Roche sells shares before this date, the Company is entitled to half of the proceeds exceeding the guaranteed price. If the market price falls below the guarantee at the end of the period, the Company will pay Roche the difference in cash or potentially additional shares.",refuse,22,420
fsq-079-base,failsafeqa,79,base,base,Who manages the investment activities?,"The investment activities are managed by Solar Capital Partners, LLC, also known as the Investment Adviser.",answer,129525,129891
fsq-079-pert,failsafeqa,79,pert,ocr,Who manages the investment activities?,"The investment activities are managed by Solar Capital Partners, LLC, also known as the Investment Adviser.",answer,128289,128655
fsq-079-unans,failsafeqa,79,unans,outofscope,"What is the total market value of Astika's common stock held by non-affiliates as of June 30, 2018?","The investment activities are managed by Solar Capital Partners, LLC, also known as the Investment Adviser.",refuse,129525,129952
fsq-080-base,failsafeqa,80,base,base,What caused the high effective tax rate in 2017?,The high effective tax rate in 2017 was primarily due to earnings in international jurisdictions currently under an income tax holiday and a $62.4 million expense related to the US 2017 Tax Act.,answer,135169,135545
fsq-080-pert,failsafeqa,80,pert,misspelled,What caused the nigh effective tax race in 2017?,The high effective tax rate in 2017 was primarily due to earnings in international jurisdictions currently under an income tax holiday and a $62.4 million expense related to the US 2017 Tax Act.,answer,135169,135545
fsq-080-unans,failsafeqa,80,unans,missingctx,What caused the high effective tax rate in 2017?,The high effective tax rate in 2017 was primarily due to earnings in international jurisdictions currently under an income tax holiday and a $62.4 million expense related to the US 2017 Tax Act.,refuse,22,398
fsq-081-base,failsafeqa,81,base,base,Turn the company's revenue recognition policy into a paragraph.,"CreditRiskMonitor recognizes revenue from customer contracts following ASU 2014-09, ""Revenue from Contracts with Customers."" This standard emphasizes recognizing revenue when goods or services are transferred to customers, reflecting the expected consideration.  The company applies a five-step approach: identifying contracts, identifying performance obligations within each contract, determining the transaction price, allocating the price to each obligation, and recognizing revenue as each obligation is met. Primarily, revenue is recognized ratably over the subscription period, typically one year. Revenue from international third-party credit reports is recognized upon information delivery and customer usage.",answer,86764,87155
fsq-081-pert,failsafeqa,81,pert,incomplete,company's revenue recognition policy into a paragraph?,"CreditRiskMonitor recognizes revenue from customer contracts following ASU 2014-09, ""Revenue from Contracts with Customers."" This standard emphasizes recognizing revenue when goods or services are transferred to customers, reflecting the expected consideration.  The company applies a five-step approach: identifying contracts, identifying performance obligations within each contract, determining the transaction price, allocating the price to each obligation, and recognizing revenue as each obligation is met. Primarily, revenue is recognized ratably over the subscription period, typically one year. Revenue from international third-party credit reports is recognized upon information delivery and customer usage.",answer,86764,87146
fsq-081-unans,failsafeqa,81,unans,outofscope,What are the claimed benefits of the Bear Lodge REE Project?,"CreditRiskMonitor recognizes revenue from customer contracts following ASU 2014-09, ""Revenue from Contracts with Customers."" This standard emphasizes recognizing revenue when goods or services are transferred to customers, reflecting the expected consideration.  The company applies a five-step approach: identifying contracts, identifying performance obligations within each contract, determining the transaction price, allocating the price to each obligation, and recognizing revenue as each obligation is met. Primarily, revenue is recognized ratably over the subscription period, typically one year. Revenue from international third-party credit reports is recognized upon information delivery and customer usage.",refuse,86764,87152
fsq-082-base,failsafeqa,82,base,base,What was the total revenue for the year 2018?,The total revenue for 2018 was $565.9 million.,answer,135240,135613
fsq-082-pert,failsafeqa,82,pert,outofdomain,What was the total revenue of the company in 2018?,The total revenue for 2018 was $565.9 million.,answer,135240,135618
fsq-082-unans,failsafeqa,82,unans,missingctx,What was the total revenue for the year 2018?,The total revenue for 2018 was $565.9 million.,refuse,22,395
fsq-083-base,failsafeqa,83,base,base,How many shares were outstanding at the latest date?,"As of March 29, 2019, there were 2,610,568 shares of common stock outstanding.",answer,89683,90063
fsq-083-pert,failsafeqa,83,pert,ocr,How many shares were outstanding at the latest date?,"As of March 29, 2019, there were 2,610,568 shares of common stock outstanding.",answer,89020,89400
fsq-083-unans,failsafeqa,83,unans,outofscope,Who is the manager of the United States Natural Gas Fund (UNG)?,"As of March 29, 2019, there were 2,610,568 shares of common stock outstanding.",refuse,89683,90074
fsq-084-base,failsafeqa,84,base,base,"What was the aggregate market value of the voting Common Stock held by nonaffiliates on March 19, 1999?","The aggregate market value of voting Common Stock held by nonaffiliates of the registrant was $184,044,861 based on the last reported sale price of the Common Stock on the Nasdaq consolidated transaction reporting system on March 19, 1999.",answer,134939,135370
fsq-084-pert,failsafeqa,84,pert,misspelled,"What was the agregate market value of the voting Common Stock helded by nonaffiliates on March 19, 1999?","The aggregate market value of voting Common Stock held by nonaffiliates of the registrant was $184,044,861 based on the last reported sale price of the Common Stock on the Nasdaq consolidated transaction reporting system on March 19, 1999.",answer,134939,135371
fsq-084-unans,failsafeqa,84,unans,missingctx,"What was the aggregate market value of the voting Common Stock held by nonaffiliates on March 19, 1999?","The aggregate market value of voting Common Stock held by nonaffiliates of the registrant was $184,044,861 based on the last reported sale price of the Common Stock on the Nasdaq consolidated transaction reporting system on March 19, 1999.",refuse,22,453
fsq-085-base,failsafeqa,85,base,base,What are the types of chromatography mentioned?,"The provided text mentions High Performance Liquid Chromatography (HPLC), Ultra Performance Liquid Chromatography (UPLC), Supercritical Fluid Chromatography (SFC), and Supercritical Fluid Extraction (SFE).",answer,127119,127494
fsq-085-pert,failsafeqa,85,pert,incomplete,types of chromatography mentioned?,"The provided text mentions High Performance Liquid Chromatography (HPLC), Ultra Performance Liquid Chromatography (UPLC), Supercritical Fluid Chromatography (SFC), and Supercritical Fluid Extraction (SFE).",answer,127119,127481
fsq-085-unans,failsafeqa,85,unans,outofscope,What is the significance of Carnival plc's tonnage tax in the UK?,"The provided text mentions High Performance Liquid Chromatography (HPLC), Ultra Performance Liquid Chromatography (UPLC), Supercritical Fluid Chromatography (SFC), and Supercritical Fluid Extraction (SFE).",refuse,127119,127512
fsq-086-base,failsafeqa,86,base,base,What was the total revenue for EVK in 2017?,"Ever-Glory International Group, Inc. (EVK) had total sales revenue of $415.6 million for the year ended December 31, 2017.",answer,125724,126095
fsq-086-pert,failsafeqa,86,pert,outofdomain,How much money did EVK make in 2017?,"Ever-Glory International Group, Inc. (EVK) had total sales revenue of $415.6 million for the year ended December 31, 2017.",answer,125724,126088
fsq-086-unans,failsafeqa,86,unans,missingctx,What was the total revenue for EVK in 2017?,"Ever-Glory International Group, Inc. (EVK) had total sales revenue of $415.6 million for the year ended December 31, 2017.",refuse,22,393
fsq-087-base,failsafeqa,87,base,base,Generate a concise LinkedIn post about our mining activities.,"{ ""post"": ""We're Uranium Energy Corp., a U.S.-based uranium mining company utilizing environmentally conscious ISR mining techniques. Our flagship Palangana Mine in Texas and regional hub-and-spoke strategy demonstrate our commitment to efficient and responsible uranium production. Learn more about our operations: [link to company website] #uranium #mining #ISR #Texas"" }",answer,129776,130165
fsq-087-pert,failsafeqa,87,pert,ocr,Generate a concise LinkedIn post about our mining activities.,"{ ""post"": ""We're Uranium Energy Corp., a U.S.-based uranium mining company utilizing environmentally conscious ISR mining techniques. Our flagship Palangana Mine in Texas and regional hub-and-spoke strategy demonstrate our commitment to efficient and responsible uranium production. Learn more about our operations: [link to company website] #uranium #mining #ISR #Texas"" }",answer,128599,128988
fsq-087-unans,failsafeqa,87,unans,outofscope,Generate a LinkedIn post announcing the merger between Old Line Bancshares and BYBK.,"{ ""post"": ""We're Uranium Energy Corp., a U.S.-based uranium mining company utilizing environmentally conscious ISR mining techniques. Our flagship Palangana Mine in Texas and regional hub-and-spoke strategy demonstrate our commitment to efficient and responsible uranium production. Learn more about our operations: [link to company website] #uranium #mining #ISR #Texas"" }",refuse,129776,130188
fsq-088-base,failsafeqa,88,base,base,Condense the details of the financial operations into a paragraph.,"FullNet Communications experienced a 9.6% increase in revenue in 2018, reaching $2,070,480, primarily due to new customer acquisitions and increased sales to existing customers.  This growth contributed to a rise in cost of revenue, which reached $247,679. Despite a 12.2% increase in selling, general, and administrative expenses, reaching $1,820,736, the company managed to generate positive cash flow from operating activities, totaling approximately $186,000. This positive cash flow, along with a net income of $267,000, was largely attributed to successful revenue enhancement and cost-saving initiatives, sales of excess assets, and a strategic exit from the CLEC business.  These efforts significantly improved the company's working capital position, mitigating concerns about its ability to continue as a going concern.",answer,115847,116241
fsq-088-pert,failsafeqa,88,pert,misspelled,Condenser the details of the financial operations intr a paragraph.,"FullNet Communications experienced a 9.6% increase in revenue in 2018, reaching $2,070,480, primarily due to new customer acquisitions and increased sales to existing customers.  This growth contributed to a rise in cost of revenue, which reached $247,679. Despite a 12.2% increase in selling, general, and administrative expenses, reaching $1,820,736, the company managed to generate positive cash flow from operating activities, totaling approximately $186,000. This positive cash flow, along with a net income of $267,000, was largely attributed to successful revenue enhancement and cost-saving initiatives, sales of excess assets, and a strategic exit from the CLEC business.  These efforts significantly improved the company's working capital position, mitigating concerns about its ability to continue as a going concern.",answer,115847,116242
fsq-088-unans,failsafeqa,88,unans,missingctx,Condense the details of the financial operations into a paragraph.,"FullNet Communications experienced a 9.6% increase in revenue in 2018, reaching $2,070,480, primarily due to new customer acquisitions and increased sales to existing customers.  This growth contributed to a rise in cost of revenue, which reached $247,679. Despite a 12.2% increase in selling, general, and administrative expenses, reaching $1,820,736, the company managed to generate positive cash flow from operating activities, totaling approximately $186,000. This positive cash flow, along with a net income of $267,000, was largely attributed to successful revenue enhancement and cost-saving initiatives, sales of excess assets, and a strategic exit from the CLEC business.  These efforts significantly improved the company's working capital position, mitigating concerns about its ability to continue as a going concern.",refuse,22,416
fsq-089-base,failsafeqa,89,base,base,What is the main business of Wilhelmina?,"Wilhelmina's primary business is fashion model management. They specialize in representing and managing models, entertainers, artists, athletes, and other talents for various clients, including those in advertising, fashion, and media.",answer,84190,84558
fsq-089-pert,failsafeqa,89,pert,incomplete,main business of Wilhelmina?,"Wilhelmina's primary business is fashion model management. They specialize in representing and managing models, entertainers, artists, athletes, and other talents for various clients, including those in advertising, fashion, and media.",answer,84190,84546
fsq-089-unans,failsafeqa,89,unans,outofscope,Generate a table that includes the data from the BMT Phase III trial.,"Wilhelmina's primary business is fashion model management. They specialize in representing and managing models, entertainers, artists, athletes, and other talents for various clients, including those in advertising, fashion, and media.",refuse,84190,84587
fsq-090-base,failsafeqa,90,base,base,What is the reason behind the provision for doubtful accounts in 2018?,"The provision for doubtful accounts in 2018 was attributed to two factors. First, the company collected more aged accounts receivable and other receivables that were over 720 days past due compared to 2017, resulting in a recovery for doubtful accounts. Second, there was an increase in the provision of doubtful accounts of prepayments related to a related party being named as a joint defendant in one of the company's civil lawsuits, leading to an allowance of approximately $0.3 million for prepayments.",answer,132130,132528
fsq-090-pert,failsafeqa,90,pert,outofdomain,Why did they set aside money for accounts they might not collect on in 2018?,"The provision for doubtful accounts in 2018 was attributed to two factors. First, the company collected more aged accounts receivable and other receivables that were over 720 days past due compared to 2017, resulting in a recovery for doubtful accounts. Second, there was an increase in the provision of doubtful accounts of prepayments related to a related party being named as a joint defendant in one of the company's civil lawsuits, leading to an allowance of approximately $0.3 million for prepayments.",answer,132130,132534
fsq-090-unans,failsafeqa,90,unans,missingctx,What is the reason behind the provision for doubtful accounts in 2018?,"The provision for doubtful accounts in 2018 was attributed to two factors. First, the company collected more aged accounts receivable and other receivables that were over 720 days past due compared to 2017, resulting in a recovery for doubtful accounts. Second, there was an increase in the provision of doubtful accounts of prepayments related to a related party being named as a joint defendant in one of the company's civil lawsuits, leading to an allowance of approximately $0.3 million for prepayments.",refuse,22,420
fsq-091-base,failsafeqa,91,base,base,What were Trustmark's total assets at the end of 2017?,Trustmark's total assets at the end of 2017 were $13.796 billion.,answer,131689,132071
fsq-091-pert,failsafeqa,91,pert,ocr,What were Trustmark's total assets at the end of 2017?,Trustmark's total assets at the end of 2017 were $13.796 billion.,answer,130293,130675
fsq-091-unans,failsafeqa,91,unans,outofscope,What are Taco Cabana's leasing strategies for assets?,Trustmark's total assets at the end of 2017 were $13.796 billion.,refuse,131689,132070
fsq-092-base,failsafeqa,92,base,base,What are the financial commitment details for United's future aircraft purchases mentioned in the K-10 filings?,"As of December 31, 2017, United Airlines had a financial commitment of $22.2 billion for the acquisition of new aircraft, related spare engines, aircraft improvements, and other obligations. This includes firm commitments to purchase 228 new aircraft from Boeing and Airbus. The delivery of these aircraft is scheduled between 2018 and 2027.  In 2018, United Airlines expects to take delivery of 10 Boeing 737 MAX aircraft, seven Boeing 787 aircraft, and four Boeing 777-300ER aircraft. Additionally, they have a contract to purchase three used Boeing 767-300ER aircraft from Hawaiian Airlines, Inc., expected to be delivered in the second half of 2018.",answer,129716,130155
fsq-092-pert,failsafeqa,92,pert,misspelled,What are the financial commitment details for United's future aircraft p urchases mentioned in the K-10 filings?,"As of December 31, 2017, United Airlines had a financial commitment of $22.2 billion for the acquisition of new aircraft, related spare engines, aircraft improvements, and other obligations. This includes firm commitments to purchase 228 new aircraft from Boeing and Airbus. The delivery of these aircraft is scheduled between 2018 and 2027.  In 2018, United Airlines expects to take delivery of 10 Boeing 737 MAX aircraft, seven Boeing 787 aircraft, and four Boeing 777-300ER aircraft. Additionally, they have a contract to purchase three used Boeing 767-300ER aircraft from Hawaiian Airlines, Inc., expected to be delivered in the second half of 2018.",answer,129716,130156
fsq-092-unans,failsafeqa,92,unans,missingctx,What are the financial commitment details for United's future aircraft purchases mentioned in the K-10 filings?,"As of December 31, 2017, United Airlines had a financial commitment of $22.2 billion for the acquisition of new aircraft, related spare engines, aircraft improvements, and other obligations. This includes firm commitments to purchase 228 new aircraft from Boeing and Airbus. The delivery of these aircraft is scheduled between 2018 and 2027.  In 2018, United Airlines expects to take delivery of 10 Boeing 737 MAX aircraft, seven Boeing 787 aircraft, and four Boeing 777-300ER aircraft. Additionally, they have a contract to purchase three used Boeing 767-300ER aircraft from Hawaiian Airlines, Inc., expected to be delivered in the second half of 2018.",refuse,22,461
fsq-093-base,failsafeqa,93,base,base,How many full service branch offices does CNB Bank operate?,CNB Bank operates 41 full-service branch offices.,answer,130375,130762
fsq-093-pert,failsafeqa,93,pert,incomplete,"full service branch offices, CNB Bank?",CNB Bank operates 41 full-service branch offices.,answer,130375,130741
fsq-093-unans,failsafeqa,93,unans,outofscope,What was the acquisition of PowerBoss by Minuteman in 1998?,CNB Bank operates 41 full-service branch offices.,refuse,130375,130762
fsq-094-base,failsafeqa,94,base,base,What was the outstanding principal on interim loans held for investment at the end of 2018?,"As of December 31, 2018, Walker & Dunlop had an outstanding unpaid principal balance of $503.5 million on interim loans held for investment.",answer,131301,131720
fsq-094-pert,failsafeqa,94,pert,outofdomain,What was the remaining amount of money on short-term loans meant for investment purposes at the close of 2018?,"As of December 31, 2018, Walker & Dunlop had an outstanding unpaid principal balance of $503.5 million on interim loans held for investment.",answer,131301,131739
fsq-094-unans,failsafeqa,94,unans,missingctx,What was the outstanding principal on interim loans held for investment at the end of 2018?,"As of December 31, 2018, Walker & Dunlop had an outstanding unpaid principal balance of $503.5 million on interim loans held for investment.",refuse,22,441
fsq-095-base,failsafeqa,95,base,base,What is the ticker symbol for Gladstone Investment Corporation?,"Gladstone Investment Corporation's common stock is traded on the Nasdaq Global Select Market under the ticker symbol ""GAIN"".",answer,127112,127503
fsq-095-pert,failsafeqa,95,pert,ocr,What is the ticker symbol for Gladstone Investment Corporation?,"Gladstone Investment Corporation's common stock is traded on the Nasdaq Global Select Market under the ticker symbol ""GAIN"".",answer,125905,126296
fsq-095-unans,failsafeqa,95,unans,outofscope,What are the detailed capital requirements set by the Privatization Act?,"Gladstone Investment Corporation's common stock is traded on the Nasdaq Global Select Market under the ticker symbol ""GAIN"".",refuse,127112,127512
fsq-096-base,failsafeqa,96,base,base,Do we have any leased communities for the year 2018?,"Yes, as of December 31, 2018, the company leased 46 senior housing communities.",answer,137628,138008
fsq-096-pert,failsafeqa,96,pert,misspelled,Do we dave any leased communities for the yea 2018?,"Yes, as of December 31, 2018, the company leased 46 senior housing communities.",answer,137628,138007
fsq-096-unans,failsafeqa,96,unans,missingctx,Do we have any leased communities for the year 2018?,"Yes, as of December 31, 2018, the company leased 46 senior housing communities.",refuse,22,402
fsq-097-base,failsafeqa,97,base,base,Which segments had a revenue increase in 2017?,The segments that experienced revenue increase in 2017 were Well Enhancement Services and Water Transfer Services.,answer,128186,128560
fsq-097-pert,failsafeqa,97,pert,incomplete,"segments, revenue increase 2017?",The segments that experienced revenue increase in 2017 were Well Enhancement Services and Water Transfer Services.,answer,128186,128546
fsq-097-unans,failsafeqa,97,unans,outofscope,What are the details about their investment in RavenBrick?,The segments that experienced revenue increase in 2017 were Well Enhancement Services and Water Transfer Services.,refuse,128186,128572
fsq-098-base,failsafeqa,98,base,base,Generate an HTML table that lists the percentage of sales to the largest customer in 2017 and 2018.,"<table>
  <tr>
    <th>Year</th>
    <th>Percentage of Sales to Largest Customer</th>
  </tr>
  <tr>
    <td>2017</td>
    <td>28%</td>
  </tr>
  <tr>
    <td>2018</td>
    <td>35%</td>
  </tr>
</table>",answer,130525,130952
fsq-098-pert,failsafeqa,98,pert,outofdomain,Make a table in HTML showing how much of the total sales were made to the biggest buyer in 2017 and 2018.,"<table>
  <tr>
    <th>Year</th>
    <th>Percentage of Sales to Largest Customer</th>
  </tr>
  <tr>
    <td>2017</td>
    <td>28%</td>
  </tr>
  <tr>
    <td>2018</td>
    <td>35%</td>
  </tr>
</table>",answer,130525,130958
fsq-098-unans,failsafeqa,98,unans,missingctx,Generate an HTML table that lists the percentage of sales to the largest customer in 2017 and 2018.,"<table>
  <tr>
    <th>Year</th>
    <th>Percentage of Sales to Largest Customer</th>
  </tr>
  <tr>
    <td>2017</td>
    <td>28%</td>
  </tr>
  <tr>
    <td>2018</td>
    <td>35%</td>
  </tr>
</table>",refuse,22,449
fsq-099-base,failsafeqa,99,base,base,What environmental considerations does the Ilo smelter deal with?,"The Ilo smelter recovers over 92% of incoming sulfur from concentrates, converting it into 98.5% sulfuric acid. This process helps mitigate sulfur dioxide emissions. The smelter has two acid plants, with a portion of the acid produced used internally and the rest sold. Additionally, a marine trestle was constructed to allow direct offloading of sulfuric acid to ships, preventing the need to transport it through the city of Ilo.",answer,122637,123030
fsq-099-pert,failsafeqa,99,pert,ocr,What environmental considerations does the Ilo smelter deal with?,"The Ilo smelter recovers over 92% of incoming sulfur from concentrates, converting it into 98.5% sulfuric acid. This process helps mitigate sulfur dioxide emissions. The smelter has two acid plants, with a portion of the acid produced used internally and the rest sold. Additionally, a marine trestle was constructed to allow direct offloading of sulfuric acid to ships, preventing the need to transport it through the city of Ilo.",answer,121510,121903
fsq-099-unans,failsafeqa,99,unans,outofscope,"What is the total asset value of Beacon Roofing Supply as of September 30, 2018?","The Ilo smelter recovers over 92% of incoming sulfur from concentrates, converting it into 98.5% sulfuric acid. This process helps mitigate sulfur dioxide emissions. The smelter has two acid plants, with a portion of the acid produced used internally and the rest sold. Additionally, a marine trestle was constructed to allow direct offloading of sulfuric acid to ships, preventing the need to transport it through the city of Ilo.",refuse,122637,123045
fsq-100-base,failsafeqa,100,base,base,Make a table of the equity in income from joint ventures between 2017 and 2018.,"| Item | 2018 | 2017 | Change | Reason |
|---|---|---|---|---|
| Net gains from sales of properties and ownership interests | Increased | Decreased | $13.8 million increase | More sales in 2018 compared to 2017 |
| Equity in income from sales of properties and acquisition of partnership interests | Decreased | Decreased | $5.6 million decrease | Lower sales and acquisitions in 2018 |
| Impairment charges | Increased | Decreased | $2.1 million increase | Higher impairment charges in 2018 |
| Foreign currency translation | N/A | $4.8 million loss | N/A | Recognized in 2017 due to liquidation of Canadian investments |
| **Total Change in Equity in Income of Joint Ventures** | **$10.9 million increase** | | | |",answer,129170,129577
fsq-100-pert,failsafeqa,100,pert,misspelled,Make a table of the equity in incomevfrom joint ventures between 2017 and 2018.,"| Item | 2018 | 2017 | Change | Reason |
|---|---|---|---|---|
| Net gains from sales of properties and ownership interests | Increased | Decreased | $13.8 million increase | More sales in 2018 compared to 2017 |
| Equity in income from sales of properties and acquisition of partnership interests | Decreased | Decreased | $5.6 million decrease | Lower sales and acquisitions in 2018 |
| Impairment charges | Increased | Decreased | $2.1 million increase | Higher impairment charges in 2018 |
| Foreign currency translation | N/A | $4.8 million loss | N/A | Recognized in 2017 due to liquidation of Canadian investments |
| **Total Change in Equity in Income of Joint Ventures** | **$10.9 million increase** | | | |",answer,129170,129577
fsq-100-unans,failsafeqa,100,unans,missingctx,Make a table of the equity in income from joint ventures between 2017 and 2018.,"| Item | 2018 | 2017 | Change | Reason |
|---|---|---|---|---|
| Net gains from sales of properties and ownership interests | Increased | Decreased | $13.8 million increase | More sales in 2018 compared to 2017 |
| Equity in income from sales of properties and acquisition of partnership interests | Decreased | Decreased | $5.6 million decrease | Lower sales and acquisitions in 2018 |
| Impairment charges | Increased | Decreased | $2.1 million increase | Higher impairment charges in 2018 |
| Foreign currency translation | N/A | $4.8 million loss | N/A | Recognized in 2017 due to liquidation of Canadian investments |
| **Total Change in Equity in Income of Joint Ventures** | **$10.9 million increase** | | | |",refuse,22,429
fsq-101-base,failsafeqa,101,base,base,What was the market value of AMERI's equity held by non-affiliates last reported?,"The aggregate market value of AMERI's voting and non-voting equity held by non-affiliates was last reported to be approximately $8.7 million as of June 30, 2017.",answer,133579,133988
fsq-101-pert,failsafeqa,101,pert,incomplete,"market value of AMERI's equity, non-affiliates?","The aggregate market value of AMERI's voting and non-voting equity held by non-affiliates was last reported to be approximately $8.7 million as of June 30, 2017.",answer,133579,133954
fsq-101-unans,failsafeqa,101,unans,outofscope,What is the completion value of the SCANA acquisition?,"The aggregate market value of AMERI's voting and non-voting equity held by non-affiliates was last reported to be approximately $8.7 million as of June 30, 2017.",refuse,133579,133961
fsq-102-base,failsafeqa,102,base,base,What was the total number of Cambrex employees as of 2018?,"Cambrex had 1,732 employees worldwide at the end of 2018.",answer,130271,130657
fsq-102-pert,failsafeqa,102,pert,outofdomain,How many people were employed at Cambrex at the end of 2018?,"Cambrex had 1,732 employees worldwide at the end of 2018.",answer,130271,130659
fsq-102-unans,failsafeqa,102,unans,missingctx,What was the total number of Cambrex employees as of 2018?,"Cambrex had 1,732 employees worldwide at the end of 2018.",refuse,22,408
fsq-103-base,failsafeqa,103,base,base,What is the fiscal year end date for Exantas Capital Corp.?,Exantas Capital Corp.'s fiscal year end date is December 31st.,answer,130612,130999
fsq-103-pert,failsafeqa,103,pert,ocr,What is the fiscal year end date for Exantas Capital Corp.?,Exantas Capital Corp.'s fiscal year end date is December 31st.,answer,129324,129711
fsq-103-unans,failsafeqa,103,unans,outofscope,Generate a LinkedIn post announcing the merger between Old Line Bancshares and BYBK.,Exantas Capital Corp.'s fiscal year end date is December 31st.,refuse,130612,131024
fsq-104-base,failsafeqa,104,base,base,Provide information on the market value and losses.,"The market value of Common Stock held by non-affiliates was approximately $757 million as of June 30, 2017. The company experienced a net pre-tax loss of $4.0 million during the year ended December 31, 2017, due to the impact of hurricanes.",answer,131756,132135
fsq-104-pert,failsafeqa,104,pert,misspelled,Provide in formation on the market value and losses.,"The market value of Common Stock held by non-affiliates was approximately $757 million as of June 30, 2017. The company experienced a net pre-tax loss of $4.0 million during the year ended December 31, 2017, due to the impact of hurricanes.",answer,131756,132136
fsq-104-unans,failsafeqa,104,unans,missingctx,Provide information on the market value and losses.,"The market value of Common Stock held by non-affiliates was approximately $757 million as of June 30, 2017. The company experienced a net pre-tax loss of $4.0 million during the year ended December 31, 2017, due to the impact of hurricanes.",refuse,22,401
fsq-105-base,failsafeqa,105,base,base,Compare the notes from August 2017 and November 2017.,"In August 2017, the company issued \$10.3 million in Senior Secured Convertible Notes and a warrant for 1,892,972 shares of common stock at a \$3.25 exercise price. In November 2017, the company issued \$100 million in senior convertible notes: \$5 million Series A Senior Bridge Convertible Notes and \$95 million Series B Senior Secured Bridge Convertible Notes.  The November notes were for cash payments of \$5 million and secured promissory notes for \$95 million with a \$20,650,000 aggregate mandatory prepayment obligation.",answer,129457,129838
fsq-105-pert,failsafeqa,105,pert,incomplete,Compare August 2017 and November 2017 notes.,"In August 2017, the company issued \$10.3 million in Senior Secured Convertible Notes and a warrant for 1,892,972 shares of common stock at a \$3.25 exercise price. In November 2017, the company issued \$100 million in senior convertible notes: \$5 million Series A Senior Bridge Convertible Notes and \$95 million Series B Senior Secured Bridge Convertible Notes.  The November notes were for cash payments of \$5 million and secured promissory notes for \$95 million with a \$20,650,000 aggregate mandatory prepayment obligation.",answer,129457,129829
fsq-105-unans,failsafeqa,105,unans,outofscope,What is the composition of the Board's Compensation Committee?,"In August 2017, the company issued \$10.3 million in Senior Secured Convertible Notes and a warrant for 1,892,972 shares of common stock at a \$3.25 exercise price. In November 2017, the company issued \$100 million in senior convertible notes: \$5 million Series A Senior Bridge Convertible Notes and \$95 million Series B Senior Secured Bridge Convertible Notes.  The November notes were for cash payments of \$5 million and secured promissory notes for \$95 million with a \$20,650,000 aggregate mandatory prepayment obligation.",refuse,129457,129847
fsq-106-base,failsafeqa,106,base,base,Create a LinkedIn post discussing their innovation strategy.,"{ ""query"": ""Create a LinkedIn post discussing their innovation strategy."", ""answer"": ""#Innovation is at the heart of everything we do at IQVIA! 🚀

Our strategy focuses on leveraging our vast information networks, advanced analytics, and transformative technology to empower our clients in the life sciences industry. 

How do we do it?

✅ We invest heavily in developing and acquiring new data, technologies, and services to meet our clients' evolving needs.
✅ We are pioneering a cloud-based platform with applications to support commercial operations for life sciences companies, including multi-channel marketing, customer relationship management, and more.
✅ We are expanding our presence in emerging markets, ensuring we remain at the forefront of global healthcare advancements.

By integrating these capabilities in the IQVIA CORE™, we're optimizing the clinical trial process, reducing costs, and accelerating the delivery of life-saving therapies to patients worldwide. 

#LifeSciences #DataScience #Technology #Healthcare #IQVIA"" }",answer,142211,142599
fsq-106-pert,failsafeqa,106,pert,outofdomain,Can you create a LinkedIn post discussing how new ideas are generated?,"{ ""query"": ""Create a LinkedIn post discussing their innovation strategy."", ""answer"": ""#Innovation is at the heart of everything we do at IQVIA! 🚀

Our strategy focuses on leveraging our vast information networks, advanced analytics, and transformative technology to empower our clients in the life sciences industry. 

How do we do it?

✅ We invest heavily in developing and acquiring new data, technologies, and services to meet our clients' evolving needs.
✅ We are pioneering a cloud-based platform with applications to support commercial operations for life sciences companies, including multi-channel marketing, customer relationship management, and more.
✅ We are expanding our presence in emerging markets, ensuring we remain at the forefront of global healthcare advancements.

By integrating these capabilities in the IQVIA CORE™, we're optimizing the clinical trial process, reducing costs, and accelerating the delivery of life-saving therapies to patients worldwide. 

#LifeSciences #DataScience #Technology #Healthcare #IQVIA"" }",answer,142211,142609
fsq-106-unans,failsafeqa,106,unans,missingctx,Create a LinkedIn post discussing their innovation strategy.,"{ ""query"": ""Create a LinkedIn post discussing their innovation strategy."", ""answer"": ""#Innovation is at the heart of everything we do at IQVIA! 🚀

Our strategy focuses on leveraging our vast information networks, advanced analytics, and transformative technology to empower our clients in the life sciences industry. 

How do we do it?

✅ We invest heavily in developing and acquiring new data, technologies, and services to meet our clients' evolving needs.
✅ We are pioneering a cloud-based platform with applications to support commercial operations for life sciences companies, including multi-channel marketing, customer relationship management, and more.
✅ We are expanding our presence in emerging markets, ensuring we remain at the forefront of global healthcare advancements.

By integrating these capabilities in the IQVIA CORE™, we're optimizing the clinical trial process, reducing costs, and accelerating the delivery of life-saving therapies to patients worldwide. 

#LifeSciences #DataScience #Technology #Healthcare #IQVIA"" }",refuse,22,410
fsq-107-base,failsafeqa,107,base,base,Provide a concise paragraph on MSCC's business strategies.,"MSCC, a principal investment firm, focuses on providing customized debt and equity financing to lower middle market companies and debt capital to middle market companies across various industry sectors. They primarily invest in secured debt, equity, warrants, and other securities to support management buyouts, recapitalizations, growth financings, refinancings, and acquisitions. MSCC aims to partner with entrepreneurs, business owners, and management teams, offering comprehensive ""one-stop"" financing solutions for their lower middle market portfolio companies.",answer,128650,129036
fsq-107-pert,failsafeqa,107,pert,ocr,Provide a concise paragraph on MSCC's business strategies.,"MSCC, a principal investment firm, focuses on providing customized debt and equity financing to lower middle market companies and debt capital to middle market companies across various industry sectors. They primarily invest in secured debt, equity, warrants, and other securities to support management buyouts, recapitalizations, growth financings, refinancings, and acquisitions. MSCC aims to partner with entrepreneurs, business owners, and management teams, offering comprehensive ""one-stop"" financing solutions for their lower middle market portfolio companies.",answer,127669,128055
fsq-107-unans,failsafeqa,107,unans,outofscope,Generate a table that includes the data from the BMT Phase III trial.,"MSCC, a principal investment firm, focuses on providing customized debt and equity financing to lower middle market companies and debt capital to middle market companies across various industry sectors. They primarily invest in secured debt, equity, warrants, and other securities to support management buyouts, recapitalizations, growth financings, refinancings, and acquisitions. MSCC aims to partner with entrepreneurs, business owners, and management teams, offering comprehensive ""one-stop"" financing solutions for their lower middle market portfolio companies.",refuse,128650,129047
fsq-108-base,failsafeqa,108,base,base,Was our revenue from Walmart greater than from Target in 2018?,"Yes, revenue from Walmart (4% of total revenue) was lower than revenue from Target (6% of total revenue) in 2018.",answer,123990,124380
fsq-108-pert,failsafeqa,108,pert,misspelled,Was our revenue from Walmart greater t han from Target in 2018?,"Yes, revenue from Walmart (4% of total revenue) was lower than revenue from Target (6% of total revenue) in 2018.",answer,123990,124381
fsq-108-unans,failsafeqa,108,unans,missingctx,Was our revenue from Walmart greater than from Target in 2018?,"Yes, revenue from Walmart (4% of total revenue) was lower than revenue from Target (6% of total revenue) in 2018.",refuse,22,412
fsq-109-base,failsafeqa,109,base,base,What factors contribute to the bank's net interest income?,"The bank's net interest income is driven by a positive shift in earning asset mix due to growth in the loan and investment portfolios, coupled with higher short-term interest rates. This is partially offset by a higher rate paid on negotiated rate deposits.",answer,131310,131696
fsq-109-pert,failsafeqa,109,pert,incomplete,"factors, bank's net interest income?","The bank's net interest income is driven by a positive shift in earning asset mix due to growth in the loan and investment portfolios, coupled with higher short-term interest rates. This is partially offset by a higher rate paid on negotiated rate deposits.",answer,131310,131674
fsq-109-unans,failsafeqa,109,unans,outofscope,What is the main business of Sound Financial Bancorp?,"The bank's net interest income is driven by a positive shift in earning asset mix due to growth in the loan and investment portfolios, coupled with higher short-term interest rates. This is partially offset by a higher rate paid on negotiated rate deposits.",refuse,131310,131691
fsq-110-base,failsafeqa,110,base,base,"How many common shares were outstanding as of March 14, 2019?","As of March 14, 2019, there were 14,222,378 shares of Sotherly Hotels Inc.'s common stock issued and outstanding.",answer,130031,130420
fsq-110-pert,failsafeqa,110,pert,outofdomain,"What was the total number of regular shares on March 14, 2019?","As of March 14, 2019, there were 14,222,378 shares of Sotherly Hotels Inc.'s common stock issued and outstanding.",answer,130031,130421
fsq-110-unans,failsafeqa,110,unans,missingctx,"How many common shares were outstanding as of March 14, 2019?","As of March 14, 2019, there were 14,222,378 shares of Sotherly Hotels Inc.'s common stock issued and outstanding.",refuse,22,411
fsq-111-base,failsafeqa,111,base,base,What was the FDA's response to Osiris's marketing claims for Grafix?,"The FDA issued an 'untitled letter' on September 26, 2013, stating that Grafix and Ovation did not meet the definition of a 361 HCT/P due to Osiris's marketing claims, including wound healing claims for Grafix. The FDA argued that Grafix relies on the metabolic activity of living cells for its primary function and is not meant for autologous use or allogeneic use in a first or second-degree relative. Osiris responded by clarifying to the FDA that Grafix is not enriched or expanded in any way and that the tissue is preserved to closely resemble the source tissue in its native state, aligning with the FDA's definition of minimal manipulation.  Osiris committed to updating its labeling and marketing materials for Grafix to that of a wound cover. By October 2014, Osiris completed all commitments made to the FDA, including the discontinuance of Ovation.",answer,129329,129725
fsq-111-pert,failsafeqa,111,pert,ocr,What was the FDA's response to Osiris's marketing claims for Grafix?,"The FDA issued an 'untitled letter' on September 26, 2013, stating that Grafix and Ovation did not meet the definition of a 361 HCT/P due to Osiris's marketing claims, including wound healing claims for Grafix. The FDA argued that Grafix relies on the metabolic activity of living cells for its primary function and is not meant for autologous use or allogeneic use in a first or second-degree relative. Osiris responded by clarifying to the FDA that Grafix is not enriched or expanded in any way and that the tissue is preserved to closely resemble the source tissue in its native state, aligning with the FDA's definition of minimal manipulation.  Osiris committed to updating its labeling and marketing materials for Grafix to that of a wound cover. By October 2014, Osiris completed all commitments made to the FDA, including the discontinuance of Ovation.",answer,128170,128566
fsq-111-unans,failsafeqa,111,unans,outofscope,What is the seasonality in Rush Enterprises' business?,"The FDA issued an 'untitled letter' on September 26, 2013, stating that Grafix and Ovation did not meet the definition of a 361 HCT/P due to Osiris's marketing claims, including wound healing claims for Grafix. The FDA argued that Grafix relies on the metabolic activity of living cells for its primary function and is not meant for autologous use or allogeneic use in a first or second-degree relative. Osiris responded by clarifying to the FDA that Grafix is not enriched or expanded in any way and that the tissue is preserved to closely resemble the source tissue in its native state, aligning with the FDA's definition of minimal manipulation.  Osiris committed to updating its labeling and marketing materials for Grafix to that of a wound cover. By October 2014, Osiris completed all commitments made to the FDA, including the discontinuance of Ovation.",refuse,129329,129711
fsq-112-base,failsafeqa,112,base,base,What is the total number of common stock shares outstanding as of the latest report?,"As of February 28, 2019, there were 16,429,308 shares of common stock outstanding.",answer,129943,130355
fsq-112-pert,failsafeqa,112,pert,misspelled,What is the total number of common stock shares out standing as of the lat est report?,"As of February 28, 2019, there were 16,429,308 shares of common stock outstanding.",answer,129943,130357
fsq-112-unans,failsafeqa,112,unans,missingctx,What is the total number of common stock shares outstanding as of the latest report?,"As of February 28, 2019, there were 16,429,308 shares of common stock outstanding.",refuse,22,434
fsq-113-base,failsafeqa,113,base,base,What is the impact of the Tax Cuts and Jobs Act on Sierra Bancorp?,"The Tax Cuts and Jobs Act will reduce Sierra Bancorp's income tax expense in 2018 due to the decline in the maximum federal corporate tax rate from 35% to 21%. However, the legislation initially resulted in a $2.7 million decrease in the value of their deferred tax asset, which materially reduced their net income for the year ended December 31, 2017. There are also concerns that other provisions of the Act could negatively impact their consolidated financial statements and future performance. Additionally, the Act could indirectly affect Sierra Bancorp by negatively impacting their customers, potentially leading to loan defaults and a decline in the housing market. This could adversely affect the bank's business and loan growth.",answer,127890,128284
fsq-113-pert,failsafeqa,113,pert,incomplete,Impact of Tax Cuts and Jobs Act on Sierra Bancorp?,"The Tax Cuts and Jobs Act will reduce Sierra Bancorp's income tax expense in 2018 due to the decline in the maximum federal corporate tax rate from 35% to 21%. However, the legislation initially resulted in a $2.7 million decrease in the value of their deferred tax asset, which materially reduced their net income for the year ended December 31, 2017. There are also concerns that other provisions of the Act could negatively impact their consolidated financial statements and future performance. Additionally, the Act could indirectly affect Sierra Bancorp by negatively impacting their customers, potentially leading to loan defaults and a decline in the housing market. This could adversely affect the bank's business and loan growth.",answer,127890,128268
fsq-113-unans,failsafeqa,113,unans,outofscope,Generate a table that includes the data from the BMT Phase III trial.,"The Tax Cuts and Jobs Act will reduce Sierra Bancorp's income tax expense in 2018 due to the decline in the maximum federal corporate tax rate from 35% to 21%. However, the legislation initially resulted in a $2.7 million decrease in the value of their deferred tax asset, which materially reduced their net income for the year ended December 31, 2017. There are also concerns that other provisions of the Act could negatively impact their consolidated financial statements and future performance. Additionally, the Act could indirectly affect Sierra Bancorp by negatively impacting their customers, potentially leading to loan defaults and a decline in the housing market. This could adversely affect the bank's business and loan growth.",refuse,127890,128287
fsq-114-base,failsafeqa,114,base,base,How are dividends taxed for a Real Estate Investment Trust (REIT)?,"Dividends from REITs are generally not eligible for the preferential tax rates applicable to qualified dividend income, meaning they are taxed at the shareholder's ordinary income tax rate.",answer,121746,122140
fsq-114-pert,failsafeqa,114,pert,outofdomain,How do taxes work on the money given out by a Real Estate Investment Trust as dividends?,"Dividends from REITs are generally not eligible for the preferential tax rates applicable to qualified dividend income, meaning they are taxed at the shareholder's ordinary income tax rate.",answer,121746,122162
fsq-114-unans,failsafeqa,114,unans,missingctx,How are dividends taxed for a Real Estate Investment Trust (REIT)?,"Dividends from REITs are generally not eligible for the preferential tax rates applicable to qualified dividend income, meaning they are taxed at the shareholder's ordinary income tax rate.",refuse,22,416
fsq-115-base,failsafeqa,115,base,base,Generate an HTML table showing the revenue percentage of major customers for the year 2018.,"<table>
  <tr>
    <th>Customer</th>
    <th>Revenue Percentage</th>
  </tr>
  <tr>
    <td>Customer 1</td>
    <td>23%</td>
  </tr>
  <tr>
    <td>Customer 2</td>
    <td>20%</td>
  </tr>
  <tr>
    <td>Customer 3</td>
    <td>10%</td>
  </tr>
</table>",answer,130196,130615
fsq-115-pert,failsafeqa,115,pert,ocr,Generate an HTML table showing the revenue percentage of major customers for the year 2018.,"<table>
  <tr>
    <th>Customer</th>
    <th>Revenue Percentage</th>
  </tr>
  <tr>
    <td>Customer 1</td>
    <td>23%</td>
  </tr>
  <tr>
    <td>Customer 2</td>
    <td>20%</td>
  </tr>
  <tr>
    <td>Customer 3</td>
    <td>10%</td>
  </tr>
</table>",answer,129080,129499
fsq-115-unans,failsafeqa,115,unans,outofscope,What is the main business of Wilhelmina?,"<table>
  <tr>
    <th>Customer</th>
    <th>Revenue Percentage</th>
  </tr>
  <tr>
    <td>Customer 1</td>
    <td>23%</td>
  </tr>
  <tr>
    <td>Customer 2</td>
    <td>20%</td>
  </tr>
  <tr>
    <td>Customer 3</td>
    <td>10%</td>
  </tr>
</table>",refuse,130196,130564
fsq-116-base,failsafeqa,116,base,base,What are the main competitive advantages of Texas Instruments?,"Texas Instruments outlines four primary competitive advantages: a robust foundation in manufacturing and technology, a diverse portfolio of analog and embedded processing products, extensive market channel reach, and the diversity and longevity of their products, markets, and customer base.",answer,131886,132276
fsq-116-pert,failsafeqa,116,pert,misspelled,What are the main competitive advantages of Tex as Instruments?,"Texas Instruments outlines four primary competitive advantages: a robust foundation in manufacturing and technology, a diverse portfolio of analog and embedded processing products, extensive market channel reach, and the diversity and longevity of their products, markets, and customer base.",answer,131886,132277
fsq-116-unans,failsafeqa,116,unans,missingctx,What are the main competitive advantages of Texas Instruments?,"Texas Instruments outlines four primary competitive advantages: a robust foundation in manufacturing and technology, a diverse portfolio of analog and embedded processing products, extensive market channel reach, and the diversity and longevity of their products, markets, and customer base.",refuse,22,412
fsq-117-base,failsafeqa,117,base,base,What is the predominant currency used in export sales?,The text states that export sales made from the United States are primarily denominated in U.S. dollars.,answer,129704,130086
fsq-117-pert,failsafeqa,117,pert,incomplete,Export sales currency predominance?,The text states that export sales made from the United States are primarily denominated in U.S. dollars.,answer,129704,130067
fsq-117-unans,failsafeqa,117,unans,outofscope,Create an HTML table showing the pension and OPEB obligations.,The text states that export sales made from the United States are primarily denominated in U.S. dollars.,refuse,129704,130094
fsq-118-base,failsafeqa,118,base,base,Was the net income for 2018 higher than that of 2017?,"Yes, the net income for 2018 was $2,588,054, compared to $1,791,141 for 2017, indicating an increase in net income.",answer,134520,134901
fsq-118-pert,failsafeqa,118,pert,outofdomain,Did we make more money in 2018 than in 2017?,"Yes, the net income for 2018 was $2,588,054, compared to $1,791,141 for 2017, indicating an increase in net income.",answer,134520,134892
fsq-118-unans,failsafeqa,118,unans,missingctx,Was the net income for 2018 higher than that of 2017?,"Yes, the net income for 2018 was $2,588,054, compared to $1,791,141 for 2017, indicating an increase in net income.",refuse,22,403
fsq-119-base,failsafeqa,119,base,base,Was Skechers required to file reports pursuant to Section 13 or 15(d) of the Securities Exchange Act?,"Yes, Skechers was required to file reports pursuant to Section 13 or 15(d) of the Securities Exchange Act.",answer,132204,132633
fsq-119-pert,failsafeqa,119,pert,ocr,Was Skechers required to file reports pursuant to Section 13 or 15(d) of the Securities Exchange Act?,"Yes, Skechers was required to file reports pursuant to Section 13 or 15(d) of the Securities Exchange Act.",answer,131161,131590
fsq-119-unans,failsafeqa,119,unans,outofscope,What is the purpose of the Consumer and Business Services Segment?,"Yes, Skechers was required to file reports pursuant to Section 13 or 15(d) of the Securities Exchange Act.",refuse,132204,132598
fsq-120-base,failsafeqa,120,base,base,How does the bank manage its interest rate risk according to the text?,"The bank manages its interest rate risk by: 

1. **Asset/Liability Management:** They regularly review the maturity and repricing of interest-earning assets and interest-bearing liabilities to minimize exposure to interest rate changes.
2. **Asset Liability Committee (ALCO) Oversight:** The ALCO, part of the Board of Directors, oversees the review process and establishes policies to control interest rate sensitivity.
3. **Monitoring Rate Sensitivity:** The bank actively monitors rate sensitivity to reduce vulnerability to interest rate fluctuations while maintaining adequate capital and liquidity.
4. **GAP Analysis:** They use GAP analysis, which measures the difference between interest-bearing assets and liabilities, to monitor sensitivity to interest rate changes.
5. **Interest Rate Risk Profile:** The bank maintains an interest rate risk profile based on a twelve-month balance sheet forecast to assess and manage potential impacts.",answer,129632,130030
fsq-120-pert,failsafeqa,120,pert,misspelled,How does the bank manage its' interest rate risk accoring to the text?,"The bank manages its interest rate risk by: 

1. **Asset/Liability Management:** They regularly review the maturity and repricing of interest-earning assets and interest-bearing liabilities to minimize exposure to interest rate changes.
2. **Asset Liability Committee (ALCO) Oversight:** The ALCO, part of the Board of Directors, oversees the review process and establishes policies to control interest rate sensitivity.
3. **Monitoring Rate Sensitivity:** The bank actively monitors rate sensitivity to reduce vulnerability to interest rate fluctuations while maintaining adequate capital and liquidity.
4. **GAP Analysis:** They use GAP analysis, which measures the difference between interest-bearing assets and liabilities, to monitor sensitivity to interest rate changes.
5. **Interest Rate Risk Profile:** The bank maintains an interest rate risk profile based on a twelve-month balance sheet forecast to assess and manage potential impacts.",answer,129632,130030
fsq-120-unans,failsafeqa,120,unans,missingctx,How does the bank manage its interest rate risk according to the text?,"The bank manages its interest rate risk by: 

1. **Asset/Liability Management:** They regularly review the maturity and repricing of interest-earning assets and interest-bearing liabilities to minimize exposure to interest rate changes.
2. **Asset Liability Committee (ALCO) Oversight:** The ALCO, part of the Board of Directors, oversees the review process and establishes policies to control interest rate sensitivity.
3. **Monitoring Rate Sensitivity:** The bank actively monitors rate sensitivity to reduce vulnerability to interest rate fluctuations while maintaining adequate capital and liquidity.
4. **GAP Analysis:** They use GAP analysis, which measures the difference between interest-bearing assets and liabilities, to monitor sensitivity to interest rate changes.
5. **Interest Rate Risk Profile:** The bank maintains an interest rate risk profile based on a twelve-month balance sheet forecast to assess and manage potential impacts.",refuse,22,420
fsq-121-base,failsafeqa,121,base,base,Generate a short note on Premier's financial performance in 2017.,"Premier's financial performance in 2017 was positive. The bank's net interest income as a percentage of average earning assets increased to 4.18% due to increases in yields on earning assets. This was driven by the cumulative effect of continuing increases in the target federal funds rate by the Federal Reserve. Although the provision for loan losses reduced net credit income, non-interest income increased to its highest ratio in five years. Additionally, non-interest expenses decreased, contributing to an improved overall profitability for the year.",answer,124116,124509
fsq-121-pert,failsafeqa,121,pert,incomplete,Premier's financial performance in 2017?,"Premier's financial performance in 2017 was positive. The bank's net interest income as a percentage of average earning assets increased to 4.18% due to increases in yields on earning assets. This was driven by the cumulative effect of continuing increases in the target federal funds rate by the Federal Reserve. Although the provision for loan losses reduced net credit income, non-interest income increased to its highest ratio in five years. Additionally, non-interest expenses decreased, contributing to an improved overall profitability for the year.",answer,124116,124484
fsq-121-unans,failsafeqa,121,unans,outofscope,What were the total net sales for Franklin Covey in 2018?,"Premier's financial performance in 2017 was positive. The bank's net interest income as a percentage of average earning assets increased to 4.18% due to increases in yields on earning assets. This was driven by the cumulative effect of continuing increases in the target federal funds rate by the Federal Reserve. Although the provision for loan losses reduced net credit income, non-interest income increased to its highest ratio in five years. Additionally, non-interest expenses decreased, contributing to an improved overall profitability for the year.",refuse,124116,124501
fsq-122-base,failsafeqa,122,base,base,"How many common shares were outstanding on June 12, 2018?","As of June 12, 2018, there were 113,535,111 common shares of The J. M. Smucker Company issued and outstanding.",answer,74032,74417
fsq-122-pert,failsafeqa,122,pert,outofdomain,"What was the number of common stocks available on June 12, 2018?","As of June 12, 2018, there were 113,535,111 common shares of The J. M. Smucker Company issued and outstanding.",answer,74032,74424
fsq-122-unans,failsafeqa,122,unans,missingctx,"How many common shares were outstanding on June 12, 2018?","As of June 12, 2018, there were 113,535,111 common shares of The J. M. Smucker Company issued and outstanding.",refuse,22,407
fsq-123-base,failsafeqa,123,base,base,Did international segment revenue fall in 2016?,"Yes, the international segment revenue fell by $100.5 million, or 4.9%, in 2016 compared to 2015.",answer,128560,128935
fsq-123-pert,failsafeqa,123,pert,ocr,Did international segment revenue fall in 2016?,"Yes, the international segment revenue fell by $100.5 million, or 4.9%, in 2016 compared to 2015.",answer,127387,127762
fsq-123-unans,failsafeqa,123,unans,outofscope,Generate a LinkedIn post announcing AuraSource's recent achievements as per their 10-K filing.,"Yes, the international segment revenue fell by $100.5 million, or 4.9%, in 2016 compared to 2015.",refuse,128560,128982
fsq-124-base,failsafeqa,124,base,base,What are the key risk factors mentioned in the WisdomTree Investments K-10 filing?,"The WisdomTree Investments K-10 filing highlights several key risk factors, including potential negative impacts from the acquisition of ETFS, the concentration of assets under management (AUM) in a small number of ETFs, declining securities prices, intense competition in the asset management industry, extensive and evolving regulations, potential damage to the company's reputation, reliance on third-party vendors, cybersecurity threats, legal proceedings, catastrophic events, potential changes in control of the company, fluctuations in expenses, intellectual property infringement claims, stock price volatility, significant influence of large stockholders, provisions that could prevent company acquisition, limitations on dividend payments and stock repurchases, and the potential impact of Brexit.",answer,128107,128517
fsq-124-pert,failsafeqa,124,pert,misspelled,What are the key risk factors mentioned in the WisdomTree Investments K-10 f iling?,"The WisdomTree Investments K-10 filing highlights several key risk factors, including potential negative impacts from the acquisition of ETFS, the concentration of assets under management (AUM) in a small number of ETFs, declining securities prices, intense competition in the asset management industry, extensive and evolving regulations, potential damage to the company's reputation, reliance on third-party vendors, cybersecurity threats, legal proceedings, catastrophic events, potential changes in control of the company, fluctuations in expenses, intellectual property infringement claims, stock price volatility, significant influence of large stockholders, provisions that could prevent company acquisition, limitations on dividend payments and stock repurchases, and the potential impact of Brexit.",answer,128107,128518
fsq-124-unans,failsafeqa,124,unans,missingctx,What are the key risk factors mentioned in the WisdomTree Investments K-10 filing?,"The WisdomTree Investments K-10 filing highlights several key risk factors, including potential negative impacts from the acquisition of ETFS, the concentration of assets under management (AUM) in a small number of ETFs, declining securities prices, intense competition in the asset management industry, extensive and evolving regulations, potential damage to the company's reputation, reliance on third-party vendors, cybersecurity threats, legal proceedings, catastrophic events, potential changes in control of the company, fluctuations in expenses, intellectual property infringement claims, stock price volatility, significant influence of large stockholders, provisions that could prevent company acquisition, limitations on dividend payments and stock repurchases, and the potential impact of Brexit.",refuse,22,432
fsq-125-base,failsafeqa,125,base,base,What is the Orbit Energy venture?,The Orbit Energy venture is a joint venture between a subsidiary of Genie Energy and Energy Global Investments Pty Ltd to offer electricity and natural gas service to residential and small business customers in the United Kingdom.,answer,129146,129507
fsq-125-pert,failsafeqa,125,pert,incomplete,Orbit Energy venture?,The Orbit Energy venture is a joint venture between a subsidiary of Genie Energy and Energy Global Investments Pty Ltd to offer electricity and natural gas service to residential and small business customers in the United Kingdom.,answer,129146,129495
fsq-125-unans,failsafeqa,125,unans,outofscope,Generate a brief report on the company's strategy for addressing challenges in the IT staffing industry.,The Orbit Energy venture is a joint venture between a subsidiary of Genie Energy and Energy Global Investments Pty Ltd to offer electricity and natural gas service to residential and small business customers in the United Kingdom.,refuse,129146,129578
fsq-126-base,failsafeqa,126,base,base,List the major competitors of CPS.,"CPS competes with national, regional, and local finance companies. Major competitors include commercial banks, savings and loan associations, leasing companies, credit unions, and captive finance companies affiliated with major automobile manufacturers, such as Ford Motor Credit Corporation.",answer,133891,134253
fsq-126-pert,failsafeqa,126,pert,outofdomain,Who are the main rivals of CPS in the market?,"CPS competes with national, regional, and local finance companies. Major competitors include commercial banks, savings and loan associations, leasing companies, credit unions, and captive finance companies affiliated with major automobile manufacturers, such as Ford Motor Credit Corporation.",answer,133891,134264
fsq-126-unans,failsafeqa,126,unans,missingctx,List the major competitors of CPS.,"CPS competes with national, regional, and local finance companies. Major competitors include commercial banks, savings and loan associations, leasing companies, credit unions, and captive finance companies affiliated with major automobile manufacturers, such as Ford Motor Credit Corporation.",refuse,22,384
fsq-127-base,failsafeqa,127,base,base,"What was the aggregate market value of non-affiliates of Atlantic Power as of June 30, 2018?","The aggregate market value of the voting and nonvoting common equity held by non-affiliates of Atlantic Power Corporation as of June 30, 2018, was $239.3 million.",answer,132247,132667
fsq-127-pert,failsafeqa,127,pert,ocr,"What was the aggregate market value of non-affiliates of Atlantic Power as of June 30, 2018?","The aggregate market value of the voting and nonvoting common equity held by non-affiliates of Atlantic Power Corporation as of June 30, 2018, was $239.3 million.",answer,131186,131606
fsq-127-unans,failsafeqa,127,unans,outofscope,Who is the manager of the United States Natural Gas Fund (UNG)?,"The aggregate market value of the voting and nonvoting common equity held by non-affiliates of Atlantic Power Corporation as of June 30, 2018, was $239.3 million.",refuse,132247,132638
fsq-128-base,failsafeqa,128,base,base,"How many shares of common stock were outstanding as of February 8, 2019?","As of February 8, 2019, there were 368,272,261 shares of the registrant's common stock outstanding.",answer,129700,130100
fsq-128-pert,failsafeqa,128,pert,misspelled,"How many shares of common stuck were outstanding is of February 8, 2019?","As of February 8, 2019, there were 368,272,261 shares of the registrant's common stock outstanding.",answer,129700,130100
fsq-128-unans,failsafeqa,128,unans,missingctx,"How many shares of common stock were outstanding as of February 8, 2019?","As of February 8, 2019, there were 368,272,261 shares of the registrant's common stock outstanding.",refuse,22,422
fsq-129-base,failsafeqa,129,base,base,What is the fiscal year end date for the Annual Report?,"The fiscal year end date for the Annual Report is December 31, 1998.",answer,53656,54039
fsq-129-pert,failsafeqa,129,pert,incomplete,fiscal year end for Annual Report?,"The fiscal year end date for the Annual Report is December 31, 1998.",answer,53656,54018
fsq-129-unans,failsafeqa,129,unans,outofscope,"What were the total revenues for Command Security Corporation for the fiscal year ended March 31, 2018?","The fiscal year end date for the Annual Report is December 31, 1998.",refuse,53656,54087
fsq-130-base,failsafeqa,130,base,base,"What was the aggregate market value of the stock held by non-affiliates on June 30, 2018?","The aggregate market value of the registrant's outstanding common stock held by non-affiliates of the registrant as of June 30, 2018 was approximately $15,361,100.",answer,121248,121665
fsq-130-pert,failsafeqa,130,pert,outofdomain,"What was the market value of shares not owned by insiders or major corporate players on June 30, 2018?","The aggregate market value of the registrant's outstanding common stock held by non-affiliates of the registrant as of June 30, 2018 was approximately $15,361,100.",answer,121248,121678
fsq-130-unans,failsafeqa,130,unans,missingctx,"What was the aggregate market value of the stock held by non-affiliates on June 30, 2018?","The aggregate market value of the registrant's outstanding common stock held by non-affiliates of the registrant as of June 30, 2018 was approximately $15,361,100.",refuse,22,439
fsq-131-base,failsafeqa,131,base,base,Did the sales decrease?,"Yes, consolidated sales decreased by $1.3 million or 3% before the impact of intersegment sales, from $48.7 million in 2017 to $47.4 million in 2018.",answer,123912,124263
fsq-131-pert,failsafeqa,131,pert,ocr,Did the sales decrease?,"Yes, consolidated sales decreased by $1.3 million or 3% before the impact of intersegment sales, from $48.7 million in 2017 to $47.4 million in 2018.",answer,122893,123244
fsq-131-unans,failsafeqa,131,unans,outofscope,Make a table that includes the self-storage square footage data from 2018.,"Yes, consolidated sales decreased by $1.3 million or 3% before the impact of intersegment sales, from $48.7 million in 2017 to $47.4 million in 2018.",refuse,123912,124314
fsq-132-base,failsafeqa,132,base,base,"What was the aggregate market value of the registrant's Common Stock held by non-affiliates on June 30, 2017?","The aggregate market value of the registrant's Common Stock held by non-affiliates on June 30, 2017 was $232,771,583.",answer,135237,135674
fsq-132-pert,failsafeqa,132,pert,misspelled,"What was the aggregate market vale of the registrant's Common Stock helm by ron-affiliates on Junk 30, 2017?","The aggregate market value of the registrant's Common Stock held by non-affiliates on June 30, 2017 was $232,771,583.",answer,135237,135673
fsq-132-unans,failsafeqa,132,unans,missingctx,"What was the aggregate market value of the registrant's Common Stock held by non-affiliates on June 30, 2017?","The aggregate market value of the registrant's Common Stock held by non-affiliates on June 30, 2017 was $232,771,583.",refuse,22,459
fsq-133-base,failsafeqa,133,base,base,What was the company's operating revenue for 2018?,The company had no operating revenue in 2018.,answer,118149,118527
fsq-133-pert,failsafeqa,133,pert,incomplete,company's operating revenue 2018?,The company had no operating revenue in 2018.,answer,118149,118510
fsq-133-unans,failsafeqa,133,unans,outofscope,What were Trustmark's total assets at the end of 2017?,The company had no operating revenue in 2018.,refuse,118149,118531
fsq-134-base,failsafeqa,134,base,base,What is the fiscal year end date for the 10-K report?,The fiscal year end date for the 10-K report is March 31.,answer,134537,134918
fsq-134-pert,failsafeqa,134,pert,outofdomain,When does the financial year end for the 10-K filing?,The fiscal year end date for the 10-K report is March 31.,answer,134537,134918
fsq-134-unans,failsafeqa,134,unans,missingctx,What is the fiscal year end date for the 10-K report?,The fiscal year end date for the 10-K report is March 31.,refuse,22,403
fsq-135-base,failsafeqa,135,base,base,What is the total number of shares outstanding of each of the issuer’s classes of common equity as of the latest practicable date?,"As of October 10, 2018, there were 137,128,013 shares of common stock outstanding.",answer,95922,96380
fsq-135-pert,failsafeqa,135,pert,ocr,What is the total number of shares outstanding of each of the issuer’s classes of common equity as of the latest practicable date?,"As of October 10, 2018, there were 137,128,013 shares of common stock outstanding.",answer,95026,95484
fsq-135-unans,failsafeqa,135,unans,outofscope,"What is the fiscal year end date for PCM, Inc.?","As of October 10, 2018, there were 137,128,013 shares of common stock outstanding.",refuse,95922,96297
fsq-136-base,failsafeqa,136,base,base,Generate a short LinkedIn post about Alaska Communications' strategic focus.,"{ ""post"": ""Alaska Communications is now a streamlined broadband and managed IT services company, laser-focused on growth!  We're investing in our network and expanding our reach, particularly in underserved markets like Alaska's North Slope. Our commitment to exceptional customer service and innovative solutions, like being the premier Cloud Enabler for businesses in Alaska, sets us apart. #AlaskaBusiness #Broadband #ManagedIT #CustomerFirst"" }",answer,132157,132561
fsq-136-pert,failsafeqa,136,pert,misspelled,Generate a short LinkedIn post about Ala ska Communications' strategic focus.,"{ ""post"": ""Alaska Communications is now a streamlined broadband and managed IT services company, laser-focused on growth!  We're investing in our network and expanding our reach, particularly in underserved markets like Alaska's North Slope. Our commitment to exceptional customer service and innovative solutions, like being the premier Cloud Enabler for businesses in Alaska, sets us apart. #AlaskaBusiness #Broadband #ManagedIT #CustomerFirst"" }",answer,132157,132562
fsq-136-unans,failsafeqa,136,unans,missingctx,Generate a short LinkedIn post about Alaska Communications' strategic focus.,"{ ""post"": ""Alaska Communications is now a streamlined broadband and managed IT services company, laser-focused on growth!  We're investing in our network and expanding our reach, particularly in underserved markets like Alaska's North Slope. Our commitment to exceptional customer service and innovative solutions, like being the premier Cloud Enabler for businesses in Alaska, sets us apart. #AlaskaBusiness #Broadband #ManagedIT #CustomerFirst"" }",refuse,22,426
fsq-137-base,failsafeqa,137,base,base,What is the primary office location for Aemetis?,"The primary office location for Aemetis is at 20400 Stevens Creek Blvd., Suite 700, Cupertino, CA.",answer,127867,128243
fsq-137-pert,failsafeqa,137,pert,incomplete,primary office location for Aemetis?,"The primary office location for Aemetis is at 20400 Stevens Creek Blvd., Suite 700, Cupertino, CA.",answer,127867,128231
fsq-137-unans,failsafeqa,137,unans,outofscope,"What was Celeritek's market value around May 22, 1998?","The primary office location for Aemetis is at 20400 Stevens Creek Blvd., Suite 700, Cupertino, CA.",refuse,127867,128249
fsq-138-base,failsafeqa,138,base,base,What is the fiscal year end for Oculus VisionTech?,Oculus VisionTech's fiscal year ends on December 31st.,answer,90451,90829
fsq-138-pert,failsafeqa,138,pert,outofdomain,What is the financial year end date for Oculus VisionTech?,Oculus VisionTech's fiscal year ends on December 31st.,answer,90451,90837
fsq-138-unans,failsafeqa,138,unans,missingctx,What is the fiscal year end for Oculus VisionTech?,Oculus VisionTech's fiscal year ends on December 31st.,refuse,22,400
fsq-139-base,failsafeqa,139,base,base,Break down the revenue sources for 2019.,"For 2019, Helios Technologies anticipates total revenue to be between $590 million and $600 million. This breaks down into two segments: Hydraulics, projected to contribute between $464 million and $469 million, and Electronics, expected to contribute between $126 million and $131 million.",answer,131846,132214
fsq-139-pert,failsafeqa,139,pert,ocr,Break down the revenue sources for 2019.,"For 2019, Helios Technologies anticipates total revenue to be between $590 million and $600 million. This breaks down into two segments: Hydraulics, projected to contribute between $464 million and $469 million, and Electronics, expected to contribute between $126 million and $131 million.",answer,130692,131060
fsq-139-unans,failsafeqa,139,unans,outofscope,What was the allocation to the Forest Service in 2019?,"For 2019, Helios Technologies anticipates total revenue to be between $590 million and $600 million. This breaks down into two segments: Hydraulics, projected to contribute between $464 million and $469 million, and Electronics, expected to contribute between $126 million and $131 million.",refuse,131846,132228
fsq-140-base,failsafeqa,140,base,base,What are the main categories leading in product sales for Nike?,"The top-selling product categories for Nike are running, cross-training, basketball, soccer, sport-inspired urban shoes, and children's shoes.",answer,128553,128944
fsq-140-pert,failsafeqa,140,pert,misspelled,What are the main categorise beading in product safes for Nike?,"The top-selling product categories for Nike are running, cross-training, basketball, soccer, sport-inspired urban shoes, and children's shoes.",answer,128553,128944
fsq-140-unans,failsafeqa,140,unans,missingctx,What are the main categories leading in product sales for Nike?,"The top-selling product categories for Nike are running, cross-training, basketball, soccer, sport-inspired urban shoes, and children's shoes.",refuse,22,413
fsq-141-base,failsafeqa,141,base,base,Which document contains executive compensation data?,"The provided text is from a 10-K report, which contains a section called ""Executive Compensation."" This section includes a ""Summary Compensation Table"" and details about stock options and incentive plans.",answer,120666,121046
fsq-141-pert,failsafeqa,141,pert,incomplete,document with executive compensation data?,"The provided text is from a 10-K report, which contains a section called ""Executive Compensation."" This section includes a ""Summary Compensation Table"" and details about stock options and incentive plans.",answer,120666,121036
fsq-141-unans,failsafeqa,141,unans,outofscope,What were Trustmark's total assets at the end of 2017?,"The provided text is from a 10-K report, which contains a section called ""Executive Compensation."" This section includes a ""Summary Compensation Table"" and details about stock options and incentive plans.",refuse,120666,121048
fsq-142-base,failsafeqa,142,base,base,What are the derivative instruments mentioned in the K-10 filings?,The 10-K filing mentions convertible promissory notes as derivative instruments. The company uses the Black-Scholes Model to calculate the derivative value of its convertible debt.,answer,128714,129108
fsq-142-pert,failsafeqa,142,pert,outofdomain,What types of derivatives are listed in the annual financial reports?,The 10-K filing mentions convertible promissory notes as derivative instruments. The company uses the Black-Scholes Model to calculate the derivative value of its convertible debt.,answer,128714,129111
fsq-142-unans,failsafeqa,142,unans,missingctx,What are the derivative instruments mentioned in the K-10 filings?,The 10-K filing mentions convertible promissory notes as derivative instruments. The company uses the Black-Scholes Model to calculate the derivative value of its convertible debt.,refuse,22,416
fsq-143-base,failsafeqa,143,base,base,What is Weight Watchers International's main revenue source?,Weight Watchers International's primary revenue sources are subscriptions for their commitment plans for Weight Watchers meetings and Online subscriptions.,answer,126057,126445
fsq-143-pert,failsafeqa,143,pert,ocr,What is Weight Watchers International's main revenue source?,Weight Watchers International's primary revenue sources are subscriptions for their commitment plans for Weight Watchers meetings and Online subscriptions.,answer,124997,125385
fsq-143-unans,failsafeqa,143,unans,outofscope,What was the impact of adopting ASU 2016-09?,Weight Watchers International's primary revenue sources are subscriptions for their commitment plans for Weight Watchers meetings and Online subscriptions.,refuse,126057,126429
fsq-144-base,failsafeqa,144,base,base,Create a blog post about our clinical studies for Niemann-Pick disease type C.,"##  Hope for Niemann-Pick Type C: Clinical Studies Underway

**Niemann-Pick Type C (NPC)** is a devastating, rare genetic disorder that disrupts cholesterol metabolism, leading to a buildup of harmful substances in the brain, liver, spleen, and other organs.  This progressive disease tragically impacts children and adults, causing a range of debilitating symptoms.

**At CTD Holdings, we are deeply committed to developing therapies for NPC.** Our lead drug candidate, **Trappsol® Cyclo™ (hydroxypropyl beta cyclodextrin)**, is being investigated in clinical studies for its potential to treat this challenging disease.

**Here's an update on our progress:**

* **U.S. Phase I Study:** This study, approved by the FDA, is evaluating the safety of Trappsol® Cyclo™ in adults with NPC. The study is also examining markers of cholesterol metabolism and disease progression. We are excited to share that patient enrollment for this study began in September 2017.
* **European Phase I/II Study:**  Approved by regulatory bodies in the United Kingdom, Sweden, Italy, and Israel, this study is similar in design to the U.S. study. It is assessing the safety and efficacy of Trappsol® Cyclo™ in NPC patients.  The first patient in this study received treatment in July 2017.
* **Compassionate Use Programs:** Trappsol® Cyclo™ has been administered to over 20 NPC patients globally through compassionate use programs. Data from these programs, including patients treated for more than five years, have been instrumental in designing our current clinical trials.

**Preliminary findings from our studies suggest that Trappsol® Cyclo™ may cross the blood-brain barrier in individuals with NPC.** This is significant because it suggests the therapy has the potential to directly address the neurological effects of the disease.

**We are incredibly grateful to the patients, families, and medical professionals participating in these studies.** Your contributions are invaluable to advancing potential new treatments for NPC.

**Stay tuned for further updates as our research progresses.** We remain hopeful that our work will lead to meaningful therapies for those living with this devastating disease. 
",answer,122718,123124
fsq-144-pert,failsafeqa,144,pert,misspelled,Create a blog post about our clinical studies for Niemann-Pick diseasejtype C.,"##  Hope for Niemann-Pick Type C: Clinical Studies Underway

**Niemann-Pick Type C (NPC)** is a devastating, rare genetic disorder that disrupts cholesterol metabolism, leading to a buildup of harmful substances in the brain, liver, spleen, and other organs.  This progressive disease tragically impacts children and adults, causing a range of debilitating symptoms.

**At CTD Holdings, we are deeply committed to developing therapies for NPC.** Our lead drug candidate, **Trappsol® Cyclo™ (hydroxypropyl beta cyclodextrin)**, is being investigated in clinical studies for its potential to treat this challenging disease.

**Here's an update on our progress:**

* **U.S. Phase I Study:** This study, approved by the FDA, is evaluating the safety of Trappsol® Cyclo™ in adults with NPC. The study is also examining markers of cholesterol metabolism and disease progression. We are excited to share that patient enrollment for this study began in September 2017.
* **European Phase I/II Study:**  Approved by regulatory bodies in the United Kingdom, Sweden, Italy, and Israel, this study is similar in design to the U.S. study. It is assessing the safety and efficacy of Trappsol® Cyclo™ in NPC patients.  The first patient in this study received treatment in July 2017.
* **Compassionate Use Programs:** Trappsol® Cyclo™ has been administered to over 20 NPC patients globally through compassionate use programs. Data from these programs, including patients treated for more than five years, have been instrumental in designing our current clinical trials.

**Preliminary findings from our studies suggest that Trappsol® Cyclo™ may cross the blood-brain barrier in individuals with NPC.** This is significant because it suggests the therapy has the potential to directly address the neurological effects of the disease.

**We are incredibly grateful to the patients, families, and medical professionals participating in these studies.** Your contributions are invaluable to advancing potential new treatments for NPC.

**Stay tuned for further updates as our research progresses.** We remain hopeful that our work will lead to meaningful therapies for those living with this devastating disease. 
",answer,122718,123124
fsq-144-unans,failsafeqa,144,unans,missingctx,Create a blog post about our clinical studies for Niemann-Pick disease type C.,"##  Hope for Niemann-Pick Type C: Clinical Studies Underway

**Niemann-Pick Type C (NPC)** is a devastating, rare genetic disorder that disrupts cholesterol metabolism, leading to a buildup of harmful substances in the brain, liver, spleen, and other organs.  This progressive disease tragically impacts children and adults, causing a range of debilitating symptoms.

**At CTD Holdings, we are deeply committed to developing therapies for NPC.** Our lead drug candidate, **Trappsol® Cyclo™ (hydroxypropyl beta cyclodextrin)**, is being investigated in clinical studies for its potential to treat this challenging disease.

**Here's an update on our progress:**

* **U.S. Phase I Study:** This study, approved by the FDA, is evaluating the safety of Trappsol® Cyclo™ in adults with NPC. The study is also examining markers of cholesterol metabolism and disease progression. We are excited to share that patient enrollment for this study began in September 2017.
* **European Phase I/II Study:**  Approved by regulatory bodies in the United Kingdom, Sweden, Italy, and Israel, this study is similar in design to the U.S. study. It is assessing the safety and efficacy of Trappsol® Cyclo™ in NPC patients.  The first patient in this study received treatment in July 2017.
* **Compassionate Use Programs:** Trappsol® Cyclo™ has been administered to over 20 NPC patients globally through compassionate use programs. Data from these programs, including patients treated for more than five years, have been instrumental in designing our current clinical trials.

**Preliminary findings from our studies suggest that Trappsol® Cyclo™ may cross the blood-brain barrier in individuals with NPC.** This is significant because it suggests the therapy has the potential to directly address the neurological effects of the disease.

**We are incredibly grateful to the patients, families, and medical professionals participating in these studies.** Your contributions are invaluable to advancing potential new treatments for NPC.

**Stay tuned for further updates as our research progresses.** We remain hopeful that our work will lead to meaningful therapies for those living with this devastating disease. 
",refuse,22,428
fsq-145-base,failsafeqa,145,base,base,Export the 2017 provisions for loan losses into a brief note.,"The provision for loan losses was $550,000 for the year ended December 31, 2017. This was broken down into a $550,000 provision for the loan portfolio and a $284,000 credit for the PCI loan portfolio.",answer,131112,131501
fsq-145-pert,failsafeqa,145,pert,incomplete,"2017 provisions for loan losses, brief note?","The provision for loan losses was $550,000 for the year ended December 31, 2017. This was broken down into a $550,000 provision for the loan portfolio and a $284,000 credit for the PCI loan portfolio.",answer,131112,131484
fsq-145-unans,failsafeqa,145,unans,outofscope,What is the fiscal year end for Oculus VisionTech?,"The provision for loan losses was $550,000 for the year ended December 31, 2017. This was broken down into a $550,000 provision for the loan portfolio and a $284,000 credit for the PCI loan portfolio.",refuse,131112,131490
fsq-146-base,failsafeqa,146,base,base,How many employees did Achieve have as of the end of 2018?,"Achieve Life Sciences had 13 employees as of December 31, 2018.",answer,131245,131631
fsq-146-pert,failsafeqa,146,pert,outofdomain,How many people were employed at Achieve at the end of 2018?,"Achieve Life Sciences had 13 employees as of December 31, 2018.",answer,131245,131633
fsq-146-unans,failsafeqa,146,unans,missingctx,How many employees did Achieve have as of the end of 2018?,"Achieve Life Sciences had 13 employees as of December 31, 2018.",refuse,22,408
fsq-147-base,failsafeqa,147,base,base,What is Watsco's strategy for growth in existing markets?,"Watsco's strategy for growth in existing markets centers around customer service, product expansion, and technology implementation. They aim to satisfy the higher-growth, higher-margin replacement market by offering a wide range of products, maintaining a dense network of warehouses, ensuring well-stocked inventories, providing technical expertise at the point of sale, collaborating with customers on marketing, and developing technology to enhance customer service.",answer,65744,66129
fsq-147-pert,failsafeqa,147,pert,ocr,What is Watsco's strategy for growth in existing markets?,"Watsco's strategy for growth in existing markets centers around customer service, product expansion, and technology implementation. They aim to satisfy the higher-growth, higher-margin replacement market by offering a wide range of products, maintaining a dense network of warehouses, ensuring well-stocked inventories, providing technical expertise at the point of sale, collaborating with customers on marketing, and developing technology to enhance customer service.",answer,65181,65566
fsq-147-unans,failsafeqa,147,unans,outofscope,"What is the total asset value of Beacon Roofing Supply as of September 30, 2018?","Watsco's strategy for growth in existing markets centers around customer service, product expansion, and technology implementation. They aim to satisfy the higher-growth, higher-margin replacement market by offering a wide range of products, maintaining a dense network of warehouses, ensuring well-stocked inventories, providing technical expertise at the point of sale, collaborating with customers on marketing, and developing technology to enhance customer service.",refuse,65744,66152
fsq-148-base,failsafeqa,148,base,base,What is a Neuro-Spinal Scaffold and how does it work?,"The Neuro-Spinal Scaffold is an investigational bioresorbable polymer scaffold designed for implantation at the site of injury within a spinal cord. It aims to promote appositional healing by supporting surrounding tissue, minimizing necrosis expansion, and providing a substrate for the body's healing processes. This approach may spare white matter, increase neural sprouting, and reduce post-traumatic cyst formation.",answer,131484,131865
fsq-148-pert,failsafeqa,148,pert,misspelled,What is a Neuro-Spin al Scaffold and how does it work?,"The Neuro-Spinal Scaffold is an investigational bioresorbable polymer scaffold designed for implantation at the site of injury within a spinal cord. It aims to promote appositional healing by supporting surrounding tissue, minimizing necrosis expansion, and providing a substrate for the body's healing processes. This approach may spare white matter, increase neural sprouting, and reduce post-traumatic cyst formation.",answer,131484,131866
fsq-148-unans,failsafeqa,148,unans,missingctx,What is a Neuro-Spinal Scaffold and how does it work?,"The Neuro-Spinal Scaffold is an investigational bioresorbable polymer scaffold designed for implantation at the site of injury within a spinal cord. It aims to promote appositional healing by supporting surrounding tissue, minimizing necrosis expansion, and providing a substrate for the body's healing processes. This approach may spare white matter, increase neural sprouting, and reduce post-traumatic cyst formation.",refuse,22,403
fsq-149-base,failsafeqa,149,base,base,What are the details about their investment in RavenBrick?,"During February 2016, the company invested $30,000 for 6.98 of RavenBrick Class C unit shares. They provided advisory services to RavenBrick, including developing public recognition for their business plans and strategic goals, website development, and media production. In the second quarter of 2016, they exchanged additional advisory services for 3.72 more RavenBrick Class C unit shares, which were recognized at no value. In 2016, the company wrote off a $30,000 investment in RavenBrick as part of their nonmarketable securities.",answer,106187,106573
fsq-149-pert,failsafeqa,149,pert,incomplete,investment in RavenBrick?,"During February 2016, the company invested $30,000 for 6.98 of RavenBrick Class C unit shares. They provided advisory services to RavenBrick, including developing public recognition for their business plans and strategic goals, website development, and media production. In the second quarter of 2016, they exchanged additional advisory services for 3.72 more RavenBrick Class C unit shares, which were recognized at no value. In 2016, the company wrote off a $30,000 investment in RavenBrick as part of their nonmarketable securities.",answer,106187,106540
fsq-149-unans,failsafeqa,149,unans,outofscope,Which stock exchange is Seven Stars Cloud Group listed on?,"During February 2016, the company invested $30,000 for 6.98 of RavenBrick Class C unit shares. They provided advisory services to RavenBrick, including developing public recognition for their business plans and strategic goals, website development, and media production. In the second quarter of 2016, they exchanged additional advisory services for 3.72 more RavenBrick Class C unit shares, which were recognized at no value. In 2016, the company wrote off a $30,000 investment in RavenBrick as part of their nonmarketable securities.",refuse,106187,106573
fsq-150-base,failsafeqa,150,base,base,"What are the legal proceedings involving John R. Fitzpatrick, III and others?","The company entered into a Release of Claims and Settlement Agreement with John R. Fitzpatrick, III, Steven Pfaff, and certain officers and directors. The agreement, reached on February 22, 2016, stipulated that all parties involved would be released from any claims, actions, demands, costs, losses, damages, and expenses related to Mr. Fitzpatrick's and Mr. Pfaff's previous employment with the company. The settlement amount was $200,000, to be paid in two installments.",answer,54242,54647
fsq-150-pert,failsafeqa,150,pert,outofdomain,"What are the court cases that John R. Fitzpatrick, III and others are involved in?","The company entered into a Release of Claims and Settlement Agreement with John R. Fitzpatrick, III, Steven Pfaff, and certain officers and directors. The agreement, reached on February 22, 2016, stipulated that all parties involved would be released from any claims, actions, demands, costs, losses, damages, and expenses related to Mr. Fitzpatrick's and Mr. Pfaff's previous employment with the company. The settlement amount was $200,000, to be paid in two installments.",answer,54242,54652
fsq-150-unans,failsafeqa,150,unans,missingctx,"What are the legal proceedings involving John R. Fitzpatrick, III and others?","The company entered into a Release of Claims and Settlement Agreement with John R. Fitzpatrick, III, Steven Pfaff, and certain officers and directors. The agreement, reached on February 22, 2016, stipulated that all parties involved would be released from any claims, actions, demands, costs, losses, damages, and expenses related to Mr. Fitzpatrick's and Mr. Pfaff's previous employment with the company. The settlement amount was $200,000, to be paid in two installments.",refuse,22,427
fsq-151-base,failsafeqa,151,base,base,What factors led to the efficiency ratio change from 2016 to 2017?,"The efficiency ratio improved from 60.99% in 2016 to 58.79% in 2017, excluding acquisition-related expenses. This was driven by increased efficiencies as the company grew, leading to a decrease in other operating expenses by $1.0 million.",answer,125527,125921
fsq-151-pert,failsafeqa,151,pert,ocr,What factors led to the efficiency ratio change from 2016 to 2017?,"The efficiency ratio improved from 60.99% in 2016 to 58.79% in 2017, excluding acquisition-related expenses. This was driven by increased efficiencies as the company grew, leading to a decrease in other operating expenses by $1.0 million.",answer,124301,124695
fsq-151-unans,failsafeqa,151,unans,outofscope,Make a table that includes the self-storage square footage data from 2018.,"The efficiency ratio improved from 60.99% in 2016 to 58.79% in 2017, excluding acquisition-related expenses. This was driven by increased efficiencies as the company grew, leading to a decrease in other operating expenses by $1.0 million.",refuse,125527,125929
fsq-152-base,failsafeqa,152,base,base,What is the company's strategy for Nicaragua?,"The company's strategy for Nicaragua is centered around the exploration and development of potential oil and gas resources in the Perlas and Tyra concession blocks. This includes conducting geological and geophysical research, acquiring seismic data, identifying drilling sites, and ultimately drilling exploratory wells to determine the existence of commercially viable hydrocarbon reserves.  However, the company acknowledges facing challenges such as securing necessary financing, obtaining government approvals, and addressing technical defaults on the concessions.  To mitigate these challenges, the company is exploring various options, including seeking external financing through debt and equity offerings, pursuing joint ventures, and negotiating with the Nicaraguan government to renegotiate the terms of the concessions.",answer,125471,125844
fsq-152-pert,failsafeqa,152,pert,misspelled,What is the company's strategy fo r Nicaragua?,"The company's strategy for Nicaragua is centered around the exploration and development of potential oil and gas resources in the Perlas and Tyra concession blocks. This includes conducting geological and geophysical research, acquiring seismic data, identifying drilling sites, and ultimately drilling exploratory wells to determine the existence of commercially viable hydrocarbon reserves.  However, the company acknowledges facing challenges such as securing necessary financing, obtaining government approvals, and addressing technical defaults on the concessions.  To mitigate these challenges, the company is exploring various options, including seeking external financing through debt and equity offerings, pursuing joint ventures, and negotiating with the Nicaraguan government to renegotiate the terms of the concessions.",answer,125471,125845
fsq-152-unans,failsafeqa,152,unans,missingctx,What is the company's strategy for Nicaragua?,"The company's strategy for Nicaragua is centered around the exploration and development of potential oil and gas resources in the Perlas and Tyra concession blocks. This includes conducting geological and geophysical research, acquiring seismic data, identifying drilling sites, and ultimately drilling exploratory wells to determine the existence of commercially viable hydrocarbon reserves.  However, the company acknowledges facing challenges such as securing necessary financing, obtaining government approvals, and addressing technical defaults on the concessions.  To mitigate these challenges, the company is exploring various options, including seeking external financing through debt and equity offerings, pursuing joint ventures, and negotiating with the Nicaraguan government to renegotiate the terms of the concessions.",refuse,22,395
fsq-153-base,failsafeqa,153,base,base,Have all required SEC reports been submitted in the past 12 months?,"Yes, the 10-K filing states that the registrant has filed all reports required by Section 13 or 15(d) of the Securities Exchange Act of 1934 during the preceding 12 months.",answer,135125,135520
fsq-153-pert,failsafeqa,153,pert,incomplete,All required SEC reports submitted past 12 months?,"Yes, the 10-K filing states that the registrant has filed all reports required by Section 13 or 15(d) of the Securities Exchange Act of 1934 during the preceding 12 months.",answer,135125,135503
fsq-153-unans,failsafeqa,153,unans,outofscope,What is the significance of Carnival plc's tonnage tax in the UK?,"Yes, the 10-K filing states that the registrant has filed all reports required by Section 13 or 15(d) of the Securities Exchange Act of 1934 during the preceding 12 months.",refuse,135125,135518
fsq-154-base,failsafeqa,154,base,base,"What was the expenditure on research and development during the transition period ended June 30, 2018?","The company did not invest in research and development during the transition period ended June 30, 2018.",answer,131027,131457
fsq-154-pert,failsafeqa,154,pert,outofdomain,"What was the research expenditure in the half-year before June 30, 2018?","The company did not invest in research and development during the transition period ended June 30, 2018.",answer,131027,131427
fsq-154-unans,failsafeqa,154,unans,missingctx,"What was the expenditure on research and development during the transition period ended June 30, 2018?","The company did not invest in research and development during the transition period ended June 30, 2018.",refuse,22,452
fsq-155-base,failsafeqa,155,base,base,What is Sonic's plan for expanding its DVD related business?,"Sonic plans to expand its DVD-related business by focusing on professional applications, providing high-performance tools, offering flexible configurations, and expanding its range of product offerings to cater to various segments, including corporate, industrial, prosumer, and consumer markets.",answer,127585,127973
fsq-155-pert,failsafeqa,155,pert,ocr,What is Sonic's plan for expanding its DVD related business?,"Sonic plans to expand its DVD-related business by focusing on professional applications, providing high-performance tools, offering flexible configurations, and expanding its range of product offerings to cater to various segments, including corporate, industrial, prosumer, and consumer markets.",answer,126505,126893
fsq-155-unans,failsafeqa,155,unans,outofscope,What is the primary office location for Aemetis?,"Sonic plans to expand its DVD-related business by focusing on professional applications, providing high-performance tools, offering flexible configurations, and expanding its range of product offerings to cater to various segments, including corporate, industrial, prosumer, and consumer markets.",refuse,127585,127961
fsq-156-base,failsafeqa,156,base,base,What are the details of the new tariffs?,"The Trump Administration announced tariffs on thousands of goods, including a 10% tariff on all wafer substrates manufactured in China. This tariff went into effect on approximately September 24, 2018, and is assessed on the customs value of the goods as imported to the U.S. There is a possibility that the tariff could be increased to 25% in the future.",answer,132145,132513
fsq-156-pert,failsafeqa,156,pert,misspelled,What are the details of th e new tariffs?,"The Trump Administration announced tariffs on thousands of goods, including a 10% tariff on all wafer substrates manufactured in China. This tariff went into effect on approximately September 24, 2018, and is assessed on the customs value of the goods as imported to the U.S. There is a possibility that the tariff could be increased to 25% in the future.",answer,132145,132514
fsq-156-unans,failsafeqa,156,unans,missingctx,What are the details of the new tariffs?,"The Trump Administration announced tariffs on thousands of goods, including a 10% tariff on all wafer substrates manufactured in China. This tariff went into effect on approximately September 24, 2018, and is assessed on the customs value of the goods as imported to the U.S. There is a possibility that the tariff could be increased to 25% in the future.",refuse,22,390
fsq-157-base,failsafeqa,157,base,base,What was the number of common stock shares outstanding as of March 2018?,"The number of common stock shares outstanding as of March 28, 2018 was 1,286,503 shares.",answer,129900,130300
fsq-157-pert,failsafeqa,157,pert,incomplete,"common stock shares outstanding, March 2018?","The number of common stock shares outstanding as of March 28, 2018 was 1,286,503 shares.",answer,129900,130272
fsq-157-unans,failsafeqa,157,unans,outofscope,"What is the total asset value of Beacon Roofing Supply as of September 30, 2018?","The number of common stock shares outstanding as of March 28, 2018 was 1,286,503 shares.",refuse,129900,130308
fsq-158-base,failsafeqa,158,base,base,Does the company have operations in Australia?,"Yes, the company maintains mineral processing plants in Australia.",answer,125364,125738
fsq-158-pert,failsafeqa,158,pert,outofdomain,Does the company have operations in Australia?,"Yes, the company maintains mineral processing plants in Australia.",answer,125364,125738
fsq-158-unans,failsafeqa,158,unans,missingctx,Does the company have operations in Australia?,"Yes, the company maintains mineral processing plants in Australia.",refuse,22,396
fsq-159-base,failsafeqa,159,base,base,What were the lease operating expenses in 2016?,"Lease operating expenses in 2016 were $66,081.",answer,107047,107422
fsq-159-pert,failsafeqa,159,pert,ocr,What were the lease operating expenses in 2016?,"Lease operating expenses in 2016 were $66,081.",answer,106121,106496
fsq-159-unans,failsafeqa,159,unans,outofscope,Generate a table that includes the data from the BMT Phase III trial.,"Lease operating expenses in 2016 were $66,081.",refuse,107047,107444
fsq-160-base,failsafeqa,160,base,base,What are the details of the expansion plans for the Isle of Capri?,"The Isle of Capri, under its Millennium Expansion Plan, aims to expand several properties. This includes constructing a 250-room hotel at Isle-Lake Charles, a larger casino, parking garage, and entertainment and retail space at Isle-Biloxi, and a 235-room hotel at Isle-Black Hawk. Additionally, they plan to develop Isle-Tunica and Isle-Coahoma, with the latter involving a casino, lodging, and entertainment facilities. These expansions are expected to be completed within the next 24 months.",answer,125674,126068
fsq-160-pert,failsafeqa,160,pert,misspelled,What are the details of the expansion plano for the Lisle of Capris?,"The Isle of Capri, under its Millennium Expansion Plan, aims to expand several properties. This includes constructing a 250-room hotel at Isle-Lake Charles, a larger casino, parking garage, and entertainment and retail space at Isle-Biloxi, and a 235-room hotel at Isle-Black Hawk. Additionally, they plan to develop Isle-Tunica and Isle-Coahoma, with the latter involving a casino, lodging, and entertainment facilities. These expansions are expected to be completed within the next 24 months.",answer,125674,126070
fsq-160-unans,failsafeqa,160,unans,missingctx,What are the details of the expansion plans for the Isle of Capri?,"The Isle of Capri, under its Millennium Expansion Plan, aims to expand several properties. This includes constructing a 250-room hotel at Isle-Lake Charles, a larger casino, parking garage, and entertainment and retail space at Isle-Biloxi, and a 235-room hotel at Isle-Black Hawk. Additionally, they plan to develop Isle-Tunica and Isle-Coahoma, with the latter involving a casino, lodging, and entertainment facilities. These expansions are expected to be completed within the next 24 months.",refuse,22,416
fsq-161-base,failsafeqa,161,base,base,Create a blog introduction discussing Ideal Power's innovative technologies.,"{ ""query"": ""Create a blog introduction discussing Ideal Power's innovative technologies."", ""answer"": ""In a world hungry for energy efficiency, Ideal Power Inc. emerges as a beacon of innovation. This company isn't just keeping pace with the demand for cutting-edge power conversion solutions—it's setting the pace.  Join us as we delve into the heart of Ideal Power's game-changing technologies, exploring how their proprietary Power Packet Switching Architecture (PPSA™) is revolutionizing the way we think about power conversion."" }",answer,133191,133595
fsq-161-pert,failsafeqa,161,pert,incomplete,"blog intro, Ideal Power's innovative tech?","{ ""query"": ""Create a blog introduction discussing Ideal Power's innovative technologies."", ""answer"": ""In a world hungry for energy efficiency, Ideal Power Inc. emerges as a beacon of innovation. This company isn't just keeping pace with the demand for cutting-edge power conversion solutions—it's setting the pace.  Join us as we delve into the heart of Ideal Power's game-changing technologies, exploring how their proprietary Power Packet Switching Architecture (PPSA™) is revolutionizing the way we think about power conversion."" }",answer,133191,133561
fsq-161-unans,failsafeqa,161,unans,outofscope,What is the duration of Arnold Laubich's employment agreement?,"{ ""query"": ""Create a blog introduction discussing Ideal Power's innovative technologies."", ""answer"": ""In a world hungry for energy efficiency, Ideal Power Inc. emerges as a beacon of innovation. This company isn't just keeping pace with the demand for cutting-edge power conversion solutions—it's setting the pace.  Join us as we delve into the heart of Ideal Power's game-changing technologies, exploring how their proprietary Power Packet Switching Architecture (PPSA™) is revolutionizing the way we think about power conversion."" }",refuse,133191,133581
fsq-162-base,failsafeqa,162,base,base,Who were the top three purchasers of W&T Offshore's products in 2018?,"The top three purchasers of W&T Offshore's products in 2018 were Shell Trading (US) Co., BP Products North America, and Vitol Inc.",answer,128999,129396
fsq-162-pert,failsafeqa,162,pert,outofdomain,Who were the top three buyers from W&T Offshore in 2018?,"The top three purchasers of W&T Offshore's products in 2018 were Shell Trading (US) Co., BP Products North America, and Vitol Inc.",answer,128999,129383
fsq-162-unans,failsafeqa,162,unans,missingctx,Who were the top three purchasers of W&T Offshore's products in 2018?,"The top three purchasers of W&T Offshore's products in 2018 were Shell Trading (US) Co., BP Products North America, and Vitol Inc.",refuse,22,419
fsq-163-base,failsafeqa,163,base,base,Extract the critical accounting policies from the context.,"The critical accounting policies mentioned are:

- Revenue Recognition
- Commission Amortization
- Income Taxes
- Valuation of Goodwill and Other Intangible Assets",answer,136175,136561
fsq-163-pert,failsafeqa,163,pert,ocr,Extract the critical accounting policies from the context.,"The critical accounting policies mentioned are:

- Revenue Recognition
- Commission Amortization
- Income Taxes
- Valuation of Goodwill and Other Intangible Assets",answer,134890,135276
fsq-163-unans,failsafeqa,163,unans,outofscope,How many employees did Achieve have as of the end of 2018?,"The critical accounting policies mentioned are:

- Revenue Recognition
- Commission Amortization
- Income Taxes
- Valuation of Goodwill and Other Intangible Assets",refuse,136175,136561
fsq-164-base,failsafeqa,164,base,base,Is Oracle considered a well-known seasoned issuer?,"Yes, Oracle is considered a well-known seasoned issuer as indicated by the checked box in the 10-K report.",answer,144053,144431
fsq-164-pert,failsafeqa,164,pert,misspelled,Is Oracle cons idered a well-known seasoned issuer?,"Yes, Oracle is considered a well-known seasoned issuer as indicated by the checked box in the 10-K report.",answer,144053,144432
fsq-164-unans,failsafeqa,164,unans,missingctx,Is Oracle considered a well-known seasoned issuer?,"Yes, Oracle is considered a well-known seasoned issuer as indicated by the checked box in the 10-K report.",refuse,22,400
fsq-165-base,failsafeqa,165,base,base,Create an HTML table displaying the number of shares outstanding as of the latest date mentioned in the 10-K filing.,"<table>
  <tr>
    <th>Number of Shares Outstanding</th>
  </tr>
  <tr>
    <td>45,971,037</td>
  </tr>
</table>",answer,128477,128921
fsq-165-pert,failsafeqa,165,pert,incomplete,"HTML table, latest shares outstanding in 10-K?","<table>
  <tr>
    <th>Number of Shares Outstanding</th>
  </tr>
  <tr>
    <td>45,971,037</td>
  </tr>
</table>",answer,128477,128851
fsq-165-unans,failsafeqa,165,unans,outofscope,What are the details of Old Point Financial Corporation's strategic acquisition in 2017?,"<table>
  <tr>
    <th>Number of Shares Outstanding</th>
  </tr>
  <tr>
    <td>45,971,037</td>
  </tr>
</table>",refuse,128477,128893
fsq-166-base,failsafeqa,166,base,base,How many operational segments does News Corp have?,News Corp has five operational segments.,answer,132118,132496
fsq-166-pert,failsafeqa,166,pert,outofdomain,How many operational segments does News Corp have?,News Corp has five operational segments.,answer,132118,132496
fsq-166-unans,failsafeqa,166,unans,missingctx,How many operational segments does News Corp have?,News Corp has five operational segments.,refuse,22,400
fsq-167-base,failsafeqa,167,base,base,Who was the auditor for this report?,"The auditor for the 2017 annual financial statements was Heaton & Company, PLLC, dba Pinnacle Accountancy Group of Utah.",answer,79562,79926
fsq-167-pert,failsafeqa,167,pert,ocr,Who was the auditor for this report?,"The auditor for the 2017 annual financial statements was Heaton & Company, PLLC, dba Pinnacle Accountancy Group of Utah.",answer,78944,79308
fsq-167-unans,failsafeqa,167,unans,outofscope,What are the responsibilities of the chairman of KinerjaPay?,"The auditor for the 2017 annual financial statements was Heaton & Company, PLLC, dba Pinnacle Accountancy Group of Utah.",refuse,79562,79950
fsq-168-base,failsafeqa,168,base,base,What are the main competitors mentioned in the K-10 filings?,"The 10-K filing mentions that the company faces competition from a variety of entities, including small public companies, private equity firms, hedge funds, venture capital firms, special purpose acquisition companies (SPACs), and other strategic acquirers.",answer,73829,74217
fsq-168-pert,failsafeqa,168,pert,misspelled,Phat arr the main competitors mentioned in the K-10 filings?,"The 10-K filing mentions that the company faces competition from a variety of entities, including small public companies, private equity firms, hedge funds, venture capital firms, special purpose acquisition companies (SPACs), and other strategic acquirers.",answer,73829,74217
fsq-168-unans,failsafeqa,168,unans,missingctx,What are the main competitors mentioned in the K-10 filings?,"The 10-K filing mentions that the company faces competition from a variety of entities, including small public companies, private equity firms, hedge funds, venture capital firms, special purpose acquisition companies (SPACs), and other strategic acquirers.",refuse,22,410
fsq-169-base,failsafeqa,169,base,base,"How many shares were outstanding as of March 13, 2019?","As of March 13, 2019, there were 4,372,116 shares of common stock outstanding.",answer,136031,136413
fsq-169-pert,failsafeqa,169,pert,incomplete,"shares outstanding, March 13, 2019?","As of March 13, 2019, there were 4,372,116 shares of common stock outstanding.",answer,136031,136394
fsq-169-unans,failsafeqa,169,unans,outofscope,What is Weight Watchers International's main revenue source?,"As of March 13, 2019, there were 4,372,116 shares of common stock outstanding.",refuse,136031,136419
fsq-170-base,failsafeqa,170,base,base,What were the total assets at the end of 2017?,"Total assets at December 31, 2017 were $6.0 million.",answer,132500,132874
fsq-170-pert,failsafeqa,170,pert,outofdomain,What were the total assets at the end of 2017?,"Total assets at December 31, 2017 were $6.0 million.",answer,132500,132874
fsq-170-unans,failsafeqa,170,unans,missingctx,What were the total assets at the end of 2017?,"Total assets at December 31, 2017 were $6.0 million.",refuse,22,396
fsq-171-base,failsafeqa,171,base,base,What was the total revenue in 2018?,The total revenue for fiscal year 2018 was $28.1 million.,answer,130317,130680
fsq-171-pert,failsafeqa,171,pert,ocr,What was the total revenue in 2018?,The total revenue for fiscal year 2018 was $28.1 million.,answer,129038,129401
fsq-171-unans,failsafeqa,171,unans,outofscope,What types of securities has Brightcove registered?,The total revenue for fiscal year 2018 was $28.1 million.,refuse,130317,130696
fsq-172-base,failsafeqa,172,base,base,What was the reason for the $46.8 million charge in life operation in 1998?,The $46.8 million charge in life operation costs in 1998 was due to a write-off of deferred acquisition costs.,answer,63737,64140
fsq-172-pert,failsafeqa,172,pert,misspelled,What was the reason for the $46.8 mill ion charge in life operation in 1998?,The $46.8 million charge in life operation costs in 1998 was due to a write-off of deferred acquisition costs.,answer,63737,64141
fsq-172-unans,failsafeqa,172,unans,missingctx,What was the reason for the $46.8 million charge in life operation in 1998?,The $46.8 million charge in life operation costs in 1998 was due to a write-off of deferred acquisition costs.,refuse,22,425
fsq-173-base,failsafeqa,173,base,base,What is the seasonality in Rush Enterprises' business?,Rush Enterprises' heavy-duty truck business experiences higher sales volumes in the second and third quarters. Their construction equipment business is primarily affected by weather patterns.,answer,123207,123589
fsq-173-pert,failsafeqa,173,pert,incomplete,seasonality in Rush Enterprises' business?,Rush Enterprises' heavy-duty truck business experiences higher sales volumes in the second and third quarters. Their construction equipment business is primarily affected by weather patterns.,answer,123207,123577
fsq-173-unans,failsafeqa,173,unans,outofscope,What is the financial impact of the Constantia Labels acquisition?,Rush Enterprises' heavy-duty truck business experiences higher sales volumes in the second and third quarters. Their construction equipment business is primarily affected by weather patterns.,refuse,123207,123601
fsq-174-base,failsafeqa,174,base,base,"How many shares were outstanding as of February 21, 2019?","The number of shares outstanding as of February 21, 2019 was 279,277,283.",answer,134171,134556
fsq-174-pert,failsafeqa,174,pert,outofdomain,"How many shares were available on the market as of February 21, 2019?","The number of shares outstanding as of February 21, 2019 was 279,277,283.",answer,134171,134568
fsq-174-unans,failsafeqa,174,unans,missingctx,"How many shares were outstanding as of February 21, 2019?","The number of shares outstanding as of February 21, 2019 was 279,277,283.",refuse,22,407
fsq-175-base,failsafeqa,175,base,base,What is the main business of Sound Financial Bancorp?,"Sound Financial Bancorp's primary business involves attracting retail and commercial deposits from the public and local governments. They then invest these funds, along with borrowed funds, in various loans. These loans include:

*   Mortgages on one- to four-family residences (including home equity loans and lines of credit)
*   Loans for commercial and multifamily real estate, construction, and land
*   Consumer and commercial business loans (including unsecured lines of credit, secured term loans, and lines of credit secured by inventory, equipment, and accounts receivable)

Additionally, they offer a range of secured and unsecured consumer loan products such as:

*   Manufactured home loans
*   Floating home loans
*   Automobile loans
*   Boat loans
*   Recreational vehicle loans",answer,125020,125401
fsq-175-pert,failsafeqa,175,pert,ocr,What is the main business of Sound Financial Bancorp?,"Sound Financial Bancorp's primary business involves attracting retail and commercial deposits from the public and local governments. They then invest these funds, along with borrowed funds, in various loans. These loans include:

*   Mortgages on one- to four-family residences (including home equity loans and lines of credit)
*   Loans for commercial and multifamily real estate, construction, and land
*   Consumer and commercial business loans (including unsecured lines of credit, secured term loans, and lines of credit secured by inventory, equipment, and accounts receivable)

Additionally, they offer a range of secured and unsecured consumer loan products such as:

*   Manufactured home loans
*   Floating home loans
*   Automobile loans
*   Boat loans
*   Recreational vehicle loans",answer,124009,124390
fsq-175-unans,failsafeqa,175,unans,outofscope,What is the impact of the Tax Cuts and Jobs Act on Sierra Bancorp?,"Sound Financial Bancorp's primary business involves attracting retail and commercial deposits from the public and local governments. They then invest these funds, along with borrowed funds, in various loans. These loans include:

*   Mortgages on one- to four-family residences (including home equity loans and lines of credit)
*   Loans for commercial and multifamily real estate, construction, and land
*   Consumer and commercial business loans (including unsecured lines of credit, secured term loans, and lines of credit secured by inventory, equipment, and accounts receivable)

Additionally, they offer a range of secured and unsecured consumer loan products such as:

*   Manufactured home loans
*   Floating home loans
*   Automobile loans
*   Boat loans
*   Recreational vehicle loans",refuse,125020,125414
fsq-176-base,failsafeqa,176,base,base,Compare the net income for the years 1998 and 1997.,"On a GAAP basis, the company had a net loss of $12.2 million in 1998, compared to a net income of $68.3 million in 1997. However, this comparison is significantly affected by a one-time charge of $53.8 million for purchased research and development related to the Lacerte acquisition in 1998 and a one-time gain of $71.2 million from the sale of Intuit Services Corporation in 1997. When adjusted for these and other one-time charges, the company's net income in 1998 would have been 38% higher than in 1997.",answer,131522,131901
fsq-176-pert,failsafeqa,176,pert,misspelled,Comp are the net income for the years 1998 and 1997.,"On a GAAP basis, the company had a net loss of $12.2 million in 1998, compared to a net income of $68.3 million in 1997. However, this comparison is significantly affected by a one-time charge of $53.8 million for purchased research and development related to the Lacerte acquisition in 1998 and a one-time gain of $71.2 million from the sale of Intuit Services Corporation in 1997. When adjusted for these and other one-time charges, the company's net income in 1998 would have been 38% higher than in 1997.",answer,131522,131902
fsq-176-unans,failsafeqa,176,unans,missingctx,Compare the net income for the years 1998 and 1997.,"On a GAAP basis, the company had a net loss of $12.2 million in 1998, compared to a net income of $68.3 million in 1997. However, this comparison is significantly affected by a one-time charge of $53.8 million for purchased research and development related to the Lacerte acquisition in 1998 and a one-time gain of $71.2 million from the sale of Intuit Services Corporation in 1997. When adjusted for these and other one-time charges, the company's net income in 1998 would have been 38% higher than in 1997.",refuse,22,401
fsq-177-base,failsafeqa,177,base,base,"What is the market value of the company's common equity held by non-affiliates as of June 29, 2018?","The aggregate market value of common equity held by non-affiliates of the company was approximately $30.4 million as of June 29, 2018.",answer,129839,130266
fsq-177-pert,failsafeqa,177,pert,incomplete,"market value, common equity, non-affiliates, June 29, 2018?","The aggregate market value of common equity held by non-affiliates of the company was approximately $30.4 million as of June 29, 2018.",answer,129839,130226
fsq-177-unans,failsafeqa,177,unans,outofscope,"What was Celeritek's market value around May 22, 1998?","The aggregate market value of common equity held by non-affiliates of the company was approximately $30.4 million as of June 29, 2018.",refuse,129839,130221
fsq-178-base,failsafeqa,178,base,base,"What is the total market value of Astika's common stock held by non-affiliates as of June 30, 2018?","The total market value of Astika's common stock held by non-affiliates as of June 30, 2018, was $651,907.98.",answer,96748,97175
fsq-178-pert,failsafeqa,178,pert,outofdomain,"What was the value of Astika's regular shares owned by people outside the company on June 30, 2018?","The total market value of Astika's common stock held by non-affiliates as of June 30, 2018, was $651,907.98.",answer,96748,97175
fsq-178-unans,failsafeqa,178,unans,missingctx,"What is the total market value of Astika's common stock held by non-affiliates as of June 30, 2018?","The total market value of Astika's common stock held by non-affiliates as of June 30, 2018, was $651,907.98.",refuse,22,449
fsq-179-base,failsafeqa,179,base,base,Who became the CEO of the company in May 2018?,Mark Goode was appointed as the new President and Chief Executive Officer of the Company in May 2018.,answer,126714,127088
fsq-179-pert,failsafeqa,179,pert,ocr,Who became the CEO of the company in May 2018?,Mark Goode was appointed as the new President and Chief Executive Officer of the Company in May 2018.,answer,125665,126039
fsq-179-unans,failsafeqa,179,unans,outofscope,Who is McEwen Mining's transfer agent in Canada?,Mark Goode was appointed as the new President and Chief Executive Officer of the Company in May 2018.,refuse,126714,127090
fsq-180-base,failsafeqa,180,base,base,What is the address of Concho's headquarters?,"Concho's headquarters is located at One Concho Center, 600 West Illinois Avenue, Midland, Texas 79701.",answer,134396,134769
fsq-180-pert,failsafeqa,180,pert,misspelled,What is the address of Concho's head quarters?,"Concho's headquarters is located at One Concho Center, 600 West Illinois Avenue, Midland, Texas 79701.",answer,134396,134770
fsq-180-unans,failsafeqa,180,unans,missingctx,What is the address of Concho's headquarters?,"Concho's headquarters is located at One Concho Center, 600 West Illinois Avenue, Midland, Texas 79701.",refuse,22,395
fsq-181-base,failsafeqa,181,base,base,What was the acquisition of PowerBoss by Minuteman in 1998?,"Minuteman International, Inc. acquired substantially all of the net assets and assumed certain liabilities of AAR PowerBoss, Inc. (PowerBoss) on November 23, 1998. PowerBoss designs, manufactures, and distributes ride-on and walk-behind sweepers and scrubbers for hard-surface floor and carpet care in industrial applications.",answer,25640,26027
fsq-181-pert,failsafeqa,181,pert,incomplete,"PowerBoss acquisition by Minuteman, 1998?","Minuteman International, Inc. acquired substantially all of the net assets and assumed certain liabilities of AAR PowerBoss, Inc. (PowerBoss) on November 23, 1998. PowerBoss designs, manufactures, and distributes ride-on and walk-behind sweepers and scrubbers for hard-surface floor and carpet care in industrial applications.",answer,25640,26009
fsq-181-unans,failsafeqa,181,unans,outofscope,What is the main business of Sound Financial Bancorp?,"Minuteman International, Inc. acquired substantially all of the net assets and assumed certain liabilities of AAR PowerBoss, Inc. (PowerBoss) on November 23, 1998. PowerBoss designs, manufactures, and distributes ride-on and walk-behind sweepers and scrubbers for hard-surface floor and carpet care in industrial applications.",refuse,25640,26021
fsq-182-base,failsafeqa,182,base,base,What is the significance of Carnival plc's tonnage tax in the UK?,"Carnival plc's subsidiaries, Cunard and P&O Cruises (UK), operate under the UK tonnage tax regime. This means they pay corporation taxes based on the net tonnage of their ships instead of their profits, resulting in lower tax liabilities compared to standard UK corporation tax rules.",answer,132242,132635
fsq-182-pert,failsafeqa,182,pert,outofdomain,Why is the tonnage tax important for Carnival plc in the UK?,"Carnival plc's subsidiaries, Cunard and P&O Cruises (UK), operate under the UK tonnage tax regime. This means they pay corporation taxes based on the net tonnage of their ships instead of their profits, resulting in lower tax liabilities compared to standard UK corporation tax rules.",answer,132242,132630
fsq-182-unans,failsafeqa,182,unans,missingctx,What is the significance of Carnival plc's tonnage tax in the UK?,"Carnival plc's subsidiaries, Cunard and P&O Cruises (UK), operate under the UK tonnage tax regime. This means they pay corporation taxes based on the net tonnage of their ships instead of their profits, resulting in lower tax liabilities compared to standard UK corporation tax rules.",refuse,22,415
fsq-183-base,failsafeqa,183,base,base,Where is their main office located?,"Their principal executive offices are located at 50 Jackson Drive, Cranford, New Jersey 07016.",answer,126629,126992
fsq-183-pert,failsafeqa,183,pert,ocr,Where is their main office located?,"Their principal executive offices are located at 50 Jackson Drive, Cranford, New Jersey 07016.",answer,125501,125864
fsq-183-unans,failsafeqa,183,unans,outofscope,What was the impact of adopting ASU 2016-09?,"Their principal executive offices are located at 50 Jackson Drive, Cranford, New Jersey 07016.",refuse,126629,127001
fsq-184-base,failsafeqa,184,base,base,What is a drawback of staggered board terms according to the form?,"According to the form, a drawback of staggered board terms is that it may preserve current management and the board in a hostile tender offer. This can negatively impact stockholders who want to participate in a tender offer or replace board members.",answer,126428,126822
fsq-184-pert,failsafeqa,184,pert,misspelled,What is a drawback of staggered board terms accoring to yhe form?,"According to the form, a drawback of staggered board terms is that it may preserve current management and the board in a hostile tender offer. This can negatively impact stockholders who want to participate in a tender offer or replace board members.",answer,126428,126821
fsq-184-unans,failsafeqa,184,unans,missingctx,What is a drawback of staggered board terms according to the form?,"According to the form, a drawback of staggered board terms is that it may preserve current management and the board in a hostile tender offer. This can negatively impact stockholders who want to participate in a tender offer or replace board members.",refuse,22,416
fsq-185-base,failsafeqa,185,base,base,Turn the segment about shareholder equity into a concise paragraph.,"Common Stock has a preferential dividend rate of at least 105% of the dividend paid on Class A Common Stock. Class A Common Stock has greater voting rights, including voting as a separate class for the election of 75% of the total number of directors and on all other matters subject to shareholder vote, with each share carrying ten votes. Class A Common Stock is convertible to Common Stock on a 1-for-1 basis at the holder's option, but Common Stock is not convertible into Class A Common Stock. In the fourth quarter of 2018 and 2016, a special cash dividend of $1.00 for Common Stock and $0.95 for Class A Common Stock was paid.",answer,119676,120071
fsq-185-pert,failsafeqa,185,pert,incomplete,Turn the segment about shareholder equity into a concise paragraph.,"Common Stock has a preferential dividend rate of at least 105% of the dividend paid on Class A Common Stock. Class A Common Stock has greater voting rights, including voting as a separate class for the election of 75% of the total number of directors and on all other matters subject to shareholder vote, with each share carrying ten votes. Class A Common Stock is convertible to Common Stock on a 1-for-1 basis at the holder's option, but Common Stock is not convertible into Class A Common Stock. In the fourth quarter of 2018 and 2016, a special cash dividend of $1.00 for Common Stock and $0.95 for Class A Common Stock was paid.",answer,119676,120071
fsq-185-unans,failsafeqa,185,unans,outofscope,Generate a table that includes the data from the BMT Phase III trial.,"Common Stock has a preferential dividend rate of at least 105% of the dividend paid on Class A Common Stock. Class A Common Stock has greater voting rights, including voting as a separate class for the election of 75% of the total number of directors and on all other matters subject to shareholder vote, with each share carrying ten votes. Class A Common Stock is convertible to Common Stock on a 1-for-1 basis at the holder's option, but Common Stock is not convertible into Class A Common Stock. In the fourth quarter of 2018 and 2016, a special cash dividend of $1.00 for Common Stock and $0.95 for Class A Common Stock was paid.",refuse,119676,120073
fsq-186-base,failsafeqa,186,base,base,What is USCF's role?,"USCF is the general partner of BNO, a commodity pool that issues limited partnership interests. USCF is responsible for managing BNO, including evaluating credit risk, overseeing share purchases and sales, reviewing daily positions and margin requirements, and managing BNO's investments.",answer,125138,125486
fsq-186-pert,failsafeqa,186,pert,outofdomain,What does USCF do in the commodities market?,"USCF is the general partner of BNO, a commodity pool that issues limited partnership interests. USCF is responsible for managing BNO, including evaluating credit risk, overseeing share purchases and sales, reviewing daily positions and margin requirements, and managing BNO's investments.",answer,125138,125510
fsq-186-unans,failsafeqa,186,unans,missingctx,What is USCF's role?,"USCF is the general partner of BNO, a commodity pool that issues limited partnership interests. USCF is responsible for managing BNO, including evaluating credit risk, overseeing share purchases and sales, reviewing daily positions and margin requirements, and managing BNO's investments.",refuse,22,370
fsq-187-base,failsafeqa,187,base,base,What is Exponent's policy on dividends?,"Exponent's Board of Directors has declared quarterly dividends since March 2013. However, there is no assurance that they will continue to declare cash dividends or repurchase shares. The decision to pay dividends is made periodically by the Board of Directors, considering factors such as capital availability, stockholder interests, legal compliance, and capital requirements for investments. Future dividends and share repurchases may also be affected by legal risks, stock repurchase programs, tax law changes, contractual restrictions, and changes to their business model.",answer,135227,135594
fsq-187-pert,failsafeqa,187,pert,ocr,What is Exponent's policy on dividends?,"Exponent's Board of Directors has declared quarterly dividends since March 2013. However, there is no assurance that they will continue to declare cash dividends or repurchase shares. The decision to pay dividends is made periodically by the Board of Directors, considering factors such as capital availability, stockholder interests, legal compliance, and capital requirements for investments. Future dividends and share repurchases may also be affected by legal risks, stock repurchase programs, tax law changes, contractual restrictions, and changes to their business model.",answer,134004,134371
fsq-187-unans,failsafeqa,187,unans,outofscope,Was Skechers required to file reports pursuant to Section 13 or 15(d) of the Securities Exchange Act?,"Exponent's Board of Directors has declared quarterly dividends since March 2013. However, there is no assurance that they will continue to declare cash dividends or repurchase shares. The decision to pay dividends is made periodically by the Board of Directors, considering factors such as capital availability, stockholder interests, legal compliance, and capital requirements for investments. Future dividends and share repurchases may also be affected by legal risks, stock repurchase programs, tax law changes, contractual restrictions, and changes to their business model.",refuse,135227,135656
fsq-188-base,failsafeqa,188,base,base,What was our company's revenue growth from 1997 to 1998?,"The company's revenue grew 26.1% from 1997 to 1998, increasing from approximately $18,307,000 to $23,083,000.",answer,127778,128162
fsq-188-pert,failsafeqa,188,pert,misspelled,What ws our company's revenue growth from 1997 to 1998?,"The company's revenue grew 26.1% from 1997 to 1998, increasing from approximately $18,307,000 to $23,083,000.",answer,127778,128161
fsq-188-unans,failsafeqa,188,unans,missingctx,What was our company's revenue growth from 1997 to 1998?,"The company's revenue grew 26.1% from 1997 to 1998, increasing from approximately $18,307,000 to $23,083,000.",refuse,22,406
fsq-189-base,failsafeqa,189,base,base,What are the details of the capital conservation buffer mentioned in the K-10 filings?,"The capital conservation buffer is composed entirely of CET1 and is added on top of the minimum risk-weighted asset ratios. It started at 0.625% on January 1, 2016, and increases in equal increments annually, reaching 1.875% on January 1, 2018, until its full implementation of 2.5% on January 1, 2019.",answer,139359,139773
fsq-189-pert,failsafeqa,189,pert,incomplete,Details on the capital conservation buffer mentioned?,"The capital conservation buffer is composed entirely of CET1 and is added on top of the minimum risk-weighted asset ratios. It started at 0.625% on January 1, 2016, and increases in equal increments annually, reaching 1.875% on January 1, 2018, until its full implementation of 2.5% on January 1, 2019.",answer,139359,139740
fsq-189-unans,failsafeqa,189,unans,outofscope,What is the Federal Communications Commission's role concerning digital television?,"The capital conservation buffer is composed entirely of CET1 and is added on top of the minimum risk-weighted asset ratios. It started at 0.625% on January 1, 2016, and increases in equal increments annually, reaching 1.875% on January 1, 2018, until its full implementation of 2.5% on January 1, 2019.",refuse,139359,139770
fsq-190-base,failsafeqa,190,base,base,What are the key products of Osiris Therapeutics?,"Osiris Therapeutics' key products include Grafix products (Grafix PRIME, Grafix XC, and Grafix CORE), Stravix, BIO4 bone graft, and Cartiform. These products target wound care, orthopedics, and sports medicine markets.",answer,131879,132256
fsq-190-pert,failsafeqa,190,pert,outofdomain,What are the main drugs or treatments that Osiris Therapeutics makes?,"Osiris Therapeutics' key products include Grafix products (Grafix PRIME, Grafix XC, and Grafix CORE), Stravix, BIO4 bone graft, and Cartiform. These products target wound care, orthopedics, and sports medicine markets.",answer,131879,132276
fsq-190-unans,failsafeqa,190,unans,missingctx,What are the key products of Osiris Therapeutics?,"Osiris Therapeutics' key products include Grafix products (Grafix PRIME, Grafix XC, and Grafix CORE), Stravix, BIO4 bone graft, and Cartiform. These products target wound care, orthopedics, and sports medicine markets.",refuse,22,399
fsq-191-base,failsafeqa,191,base,base,Generate a brief report on the company's strategy for addressing challenges in the IT staffing industry.,"The company's strategy for addressing challenges in the IT staffing industry is multi-pronged. First, they are focusing on expanding their client base while also striving to increase business from their existing clientele. This approach aims to mitigate the risks associated with high customer concentration. Second, they are adapting to the rising trend of vendor management companies by engaging with these entities, even though it might mean reduced profit margins. This strategy allows the company to stay relevant in a changing market. Finally, the company is investing in increasing its technical recruiting staff to improve responsiveness to client demands for timely, high-quality, and voluminous resume submissions. This approach aims to enhance their competitiveness in a challenging market.",answer,92723,93155
fsq-191-pert,failsafeqa,191,pert,ocr,Generate a brief report on the company's strategy for addressing challenges in the IT staffing industry.,"The company's strategy for addressing challenges in the IT staffing industry is multi-pronged. First, they are focusing on expanding their client base while also striving to increase business from their existing clientele. This approach aims to mitigate the risks associated with high customer concentration. Second, they are adapting to the rising trend of vendor management companies by engaging with these entities, even though it might mean reduced profit margins. This strategy allows the company to stay relevant in a changing market. Finally, the company is investing in increasing its technical recruiting staff to improve responsiveness to client demands for timely, high-quality, and voluminous resume submissions. This approach aims to enhance their competitiveness in a challenging market.",answer,91877,92309
fsq-191-unans,failsafeqa,191,unans,outofscope,"What is the fiscal year end date for PCM, Inc.?","The company's strategy for addressing challenges in the IT staffing industry is multi-pronged. First, they are focusing on expanding their client base while also striving to increase business from their existing clientele. This approach aims to mitigate the risks associated with high customer concentration. Second, they are adapting to the rising trend of vendor management companies by engaging with these entities, even though it might mean reduced profit margins. This strategy allows the company to stay relevant in a changing market. Finally, the company is investing in increasing its technical recruiting staff to improve responsiveness to client demands for timely, high-quality, and voluminous resume submissions. This approach aims to enhance their competitiveness in a challenging market.",refuse,92723,93098
fsq-192-base,failsafeqa,192,base,base,Create a paragraph from the inventory policy details and add a headline.,"{""headline"":""Inventory Valuation and Sourcing"",""paragraph"":""First Aviation Services Inc. values its inventories at the lower of cost or market, utilizing both the first-in, first-out (FIFO) and specific identification methods for cost determination. Costs considered include direct material, direct labor, and applicable manufacturing overhead. A substantial portion of the company's inventory comprises new, overhauled, serviceable, and repairable aircraft engine parts, primarily sourced from Allison Engine Company, a subsidiary of Rolls Royce Ltd., as well as other parts resellers and customers. The inventory also includes general aircraft parts. Notably, before any part can be installed in an aircraft, it must meet stringent condition standards set by regulatory agencies such as the Federal Aviation Administration and the U.S. Department of Defense, ensuring compliance and traceability to acceptable sources.""}",answer,122182,122582
fsq-192-pert,failsafeqa,192,pert,misspelled,Create a paragraph from the inventory policy details and ad d a headline.,"{""headline"":""Inventory Valuation and Sourcing"",""paragraph"":""First Aviation Services Inc. values its inventories at the lower of cost or market, utilizing both the first-in, first-out (FIFO) and specific identification methods for cost determination. Costs considered include direct material, direct labor, and applicable manufacturing overhead. A substantial portion of the company's inventory comprises new, overhauled, serviceable, and repairable aircraft engine parts, primarily sourced from Allison Engine Company, a subsidiary of Rolls Royce Ltd., as well as other parts resellers and customers. The inventory also includes general aircraft parts. Notably, before any part can be installed in an aircraft, it must meet stringent condition standards set by regulatory agencies such as the Federal Aviation Administration and the U.S. Department of Defense, ensuring compliance and traceability to acceptable sources.""}",answer,122182,122583
fsq-192-unans,failsafeqa,192,unans,missingctx,Create a paragraph from the inventory policy details and add a headline.,"{""headline"":""Inventory Valuation and Sourcing"",""paragraph"":""First Aviation Services Inc. values its inventories at the lower of cost or market, utilizing both the first-in, first-out (FIFO) and specific identification methods for cost determination. Costs considered include direct material, direct labor, and applicable manufacturing overhead. A substantial portion of the company's inventory comprises new, overhauled, serviceable, and repairable aircraft engine parts, primarily sourced from Allison Engine Company, a subsidiary of Rolls Royce Ltd., as well as other parts resellers and customers. The inventory also includes general aircraft parts. Notably, before any part can be installed in an aircraft, it must meet stringent condition standards set by regulatory agencies such as the Federal Aviation Administration and the U.S. Department of Defense, ensuring compliance and traceability to acceptable sources.""}",refuse,22,422
fsq-193-base,failsafeqa,193,base,base,What is the market value of the voting stock held by non-affiliates as reported?,"The market value of the voting stock held by non-affiliates was approximately $395,489,636 based on the last sale price for such stock at August 3, 2018.",answer,126902,127310
fsq-193-pert,failsafeqa,193,pert,incomplete,market value of voting stock by non-affiliates?,"The market value of the voting stock held by non-affiliates was approximately $395,489,636 based on the last sale price for such stock at August 3, 2018.",answer,126902,127277
fsq-193-unans,failsafeqa,193,unans,outofscope,What are the details of the expansion plans for the Isle of Capri?,"The market value of the voting stock held by non-affiliates was approximately $395,489,636 based on the last sale price for such stock at August 3, 2018.",refuse,126902,127296
fsq-194-base,failsafeqa,194,base,base,When is the 2019 Proxy Statement expected?,The 2019 Proxy Statement is expected to be filed within 120 days after the end of the fiscal year covered by the Annual Report on Form 10-K.,answer,132418,132788
fsq-194-pert,failsafeqa,194,pert,outofdomain,When can we expect to see the 2019 Proxy Statement come out?,The 2019 Proxy Statement is expected to be filed within 120 days after the end of the fiscal year covered by the Annual Report on Form 10-K.,answer,132418,132806
fsq-194-unans,failsafeqa,194,unans,missingctx,When is the 2019 Proxy Statement expected?,The 2019 Proxy Statement is expected to be filed within 120 days after the end of the fiscal year covered by the Annual Report on Form 10-K.,refuse,22,392
fsq-195-base,failsafeqa,195,base,base,Who are Bridgeline's major competitors?,"Bridgeline's prominent public company competitors include Big Commerce, Salesforce (Commerce Cloud), Episerver, Hubspot, Sitecore, and Adobe (Experience Manager).",answer,132980,133347
fsq-195-pert,failsafeqa,195,pert,ocr,Who are Bridgeline's major competitors?,"Bridgeline's prominent public company competitors include Big Commerce, Salesforce (Commerce Cloud), Episerver, Hubspot, Sitecore, and Adobe (Experience Manager).",answer,132038,132405
fsq-195-unans,failsafeqa,195,unans,outofscope,What is the role of RPR in the context of its relationship with Guilford?,"Bridgeline's prominent public company competitors include Big Commerce, Salesforce (Commerce Cloud), Episerver, Hubspot, Sitecore, and Adobe (Experience Manager).",refuse,132980,133381
fsq-196-base,failsafeqa,196,base,base,What is the total amount owed to EFT Holdings and EFT2 as of the end of 2018?,"As of December 31, 2018, the company owed EFT Holdings $215,608 in accrued and unpaid interest on top of $719,310 in past-due loans, a total of $934,918. They owed EFT2 $1,254 in accrued and unpaid interest in addition to $16,750 in past-due loans, totaling $18,004. This means the total amount owed to both companies as of the end of 2018 was $952,922.",answer,33825,34230
fsq-196-pert,failsafeqa,196,pert,misspelled,What is the total mount cowed to EST Holding and EFT2 as of the end of 2018?,"As of December 31, 2018, the company owed EFT Holdings $215,608 in accrued and unpaid interest on top of $719,310 in past-due loans, a total of $934,918. They owed EFT2 $1,254 in accrued and unpaid interest in addition to $16,750 in past-due loans, totaling $18,004. This means the total amount owed to both companies as of the end of 2018 was $952,922.",answer,33825,34229
fsq-196-unans,failsafeqa,196,unans,missingctx,What is the total amount owed to EFT Holdings and EFT2 as of the end of 2018?,"As of December 31, 2018, the company owed EFT Holdings $215,608 in accrued and unpaid interest on top of $719,310 in past-due loans, a total of $934,918. They owed EFT2 $1,254 in accrued and unpaid interest in addition to $16,750 in past-due loans, totaling $18,004. This means the total amount owed to both companies as of the end of 2018 was $952,922.",refuse,22,427
fsq-197-base,failsafeqa,197,base,base,Who is the manager of the United States Natural Gas Fund (UNG)?,"The general partner of UNG, and therefore the entity responsible for its management, is United States Commodity Funds LLC (USCF).",answer,125902,126293
fsq-197-pert,failsafeqa,197,pert,incomplete,Who manages UNG?,"The general partner of UNG, and therefore the entity responsible for its management, is United States Commodity Funds LLC (USCF).",answer,125902,126246
fsq-197-unans,failsafeqa,197,unans,outofscope,Who are Bridgeline's major competitors?,"The general partner of UNG, and therefore the entity responsible for its management, is United States Commodity Funds LLC (USCF).",refuse,125902,126269
fsq-198-base,failsafeqa,198,base,base,How does UNG determine its investments?,"UNG utilizes a quantitative methodology for its investments. When a Creation Basket is sold, UNG acquires Natural Gas Interests, such as the Benchmark Futures Contract, with a market value approximating the received Treasuries and/or cash. This strategy ensures close tracking of UNG's per-share NAV with the daily price fluctuations of the Benchmark Futures Contract.",answer,125687,126054
fsq-198-pert,failsafeqa,198,pert,outofdomain,How does the U.S. Natural Gas Fund decide what to invest in?,"UNG utilizes a quantitative methodology for its investments. When a Creation Basket is sold, UNG acquires Natural Gas Interests, such as the Benchmark Futures Contract, with a market value approximating the received Treasuries and/or cash. This strategy ensures close tracking of UNG's per-share NAV with the daily price fluctuations of the Benchmark Futures Contract.",answer,125687,126075
fsq-198-unans,failsafeqa,198,unans,missingctx,How does UNG determine its investments?,"UNG utilizes a quantitative methodology for its investments. When a Creation Basket is sold, UNG acquires Natural Gas Interests, such as the Benchmark Futures Contract, with a market value approximating the received Treasuries and/or cash. This strategy ensures close tracking of UNG's per-share NAV with the daily price fluctuations of the Benchmark Futures Contract.",refuse,22,389
fsq-199-base,failsafeqa,199,base,base,What was the net income for 2017?,The net income for 2017 was $50 million.,answer,130334,130695
fsq-199-pert,failsafeqa,199,pert,ocr,What was the net income for 2017?,The net income for 2017 was $50 million.,answer,129269,129630
fsq-199-unans,failsafeqa,199,unans,outofscope,How does UNG determine its investments?,The net income for 2017 was $50 million.,refuse,130334,130701
fsq-200-base,failsafeqa,200,base,base,Verify the claim that MedPartners had a net loss in the fourth quarter of 1997 of $840.8 million.,"The text states that on March 18, 1998, MedPartners announced a net loss for the fourth quarter of 1997 of $840.8 million, which included one-time pre-tax charges totaling $647 million. Therefore, the claim is verified.",answer,131819,132244
fsq-200-pert,failsafeqa,200,pert,misspelled,Verify the claim that MedPartners had a net loss in the fourth quarter of 1997 of $840.8 mill ion.,"The text states that on March 18, 1998, MedPartners announced a net loss for the fourth quarter of 1997 of $840.8 million, which included one-time pre-tax charges totaling $647 million. Therefore, the claim is verified.",answer,131819,132245
fsq-200-unans,failsafeqa,200,unans,missingctx,Verify the claim that MedPartners had a net loss in the fourth quarter of 1997 of $840.8 million.,"The text states that on March 18, 1998, MedPartners announced a net loss for the fourth quarter of 1997 of $840.8 million, which included one-time pre-tax charges totaling $647 million. Therefore, the claim is verified.",refuse,22,447
fsq-201-base,failsafeqa,201,base,base,Where is Capstone located?,"Capstone Therapeutics Corp. is located at 1275 West Washington Street, Suite 104, Tempe, Arizona 85281.",answer,122645,122999
fsq-201-pert,failsafeqa,201,pert,incomplete,Capstone location?,"Capstone Therapeutics Corp. is located at 1275 West Washington Street, Suite 104, Tempe, Arizona 85281.",answer,122645,122991
fsq-201-unans,failsafeqa,201,unans,outofscope,Was our revenue from Walmart greater than from Target in 2018?,"Capstone Therapeutics Corp. is located at 1275 West Washington Street, Suite 104, Tempe, Arizona 85281.",refuse,122645,123035
fsq-202-base,failsafeqa,202,base,base,Compare the financial results of 1997 to those of 1996.,"In 1997, Cerus Corporation experienced significant financial growth compared to 1996. Revenue increased substantially, driven by growth in revenue from Baxter, particularly due to milestone and license fee recognition related to the platelet program. Research and development expenses also saw a notable increase, primarily attributed to investments in platelet and plasma programs, including toxicology studies, compound manufacturing development, and clinical trials. General and administrative expenses increased due to company expansion and increased personnel. Interest income rose significantly in 1997, largely due to higher average cash balances from the company's initial public offering and a private placement to Baxter.",answer,133214,133597
fsq-202-pert,failsafeqa,202,pert,outofdomain,Compare the financial results of 1997 to those of 1996.,"In 1997, Cerus Corporation experienced significant financial growth compared to 1996. Revenue increased substantially, driven by growth in revenue from Baxter, particularly due to milestone and license fee recognition related to the platelet program. Research and development expenses also saw a notable increase, primarily attributed to investments in platelet and plasma programs, including toxicology studies, compound manufacturing development, and clinical trials. General and administrative expenses increased due to company expansion and increased personnel. Interest income rose significantly in 1997, largely due to higher average cash balances from the company's initial public offering and a private placement to Baxter.",answer,133214,133597
fsq-202-unans,failsafeqa,202,unans,missingctx,Compare the financial results of 1997 to those of 1996.,"In 1997, Cerus Corporation experienced significant financial growth compared to 1996. Revenue increased substantially, driven by growth in revenue from Baxter, particularly due to milestone and license fee recognition related to the platelet program. Research and development expenses also saw a notable increase, primarily attributed to investments in platelet and plasma programs, including toxicology studies, compound manufacturing development, and clinical trials. General and administrative expenses increased due to company expansion and increased personnel. Interest income rose significantly in 1997, largely due to higher average cash balances from the company's initial public offering and a private placement to Baxter.",refuse,22,405
fsq-203-base,failsafeqa,203,base,base,What is the dual class stock structure for QAD?,QAD has a dual class stock structure with Class B common stock having one vote per share and Class A common stock having 1/20th vote per share.,answer,142555,142930
fsq-203-pert,failsafeqa,203,pert,ocr,What is the dual class stock structure for QAD?,QAD has a dual class stock structure with Class B common stock having one vote per share and Class A common stock having 1/20th vote per share.,answer,141357,141732
fsq-203-unans,failsafeqa,203,unans,outofscope,Create a blog post about our clinical studies for Niemann-Pick disease type C.,QAD has a dual class stock structure with Class B common stock having one vote per share and Class A common stock having 1/20th vote per share.,refuse,142555,142961
fsq-204-base,failsafeqa,204,base,base,What was the total asset size of Colony Bank at the end of 2018?,"At the end of 2018, Colony Bank had approximately $1.25 billion in total assets.",answer,131876,132268
fsq-204-pert,failsafeqa,204,pert,misspelled,What was the total as set size of Colony Bank at the end of 2018?,"At the end of 2018, Colony Bank had approximately $1.25 billion in total assets.",answer,131876,132269
fsq-204-unans,failsafeqa,204,unans,missingctx,What was the total asset size of Colony Bank at the end of 2018?,"At the end of 2018, Colony Bank had approximately $1.25 billion in total assets.",refuse,22,414
fsq-205-base,failsafeqa,205,base,base,What was the effective tax rate change from 2016 to 2017?,"The effective income tax rate decreased to 31.5% for the year ended December 31, 2017 from 32.9% for the year ended December 31, 2016.",answer,132744,133129
fsq-205-pert,failsafeqa,205,pert,incomplete,tax rate change 2016 to 2017?,"The effective income tax rate decreased to 31.5% for the year ended December 31, 2017 from 32.9% for the year ended December 31, 2016.",answer,132744,133101
fsq-205-unans,failsafeqa,205,unans,outofscope,Has ITI-007 been approved by the FDA for schizophrenia treatment?,"The effective income tax rate decreased to 31.5% for the year ended December 31, 2017 from 32.9% for the year ended December 31, 2016.",refuse,132744,133137
fsq-206-base,failsafeqa,206,base,base,"What was the aggregate market value of Common Stock held by nonaffiliates on March 17, 1999?","The aggregate market value of Common Stock held by nonaffiliates on March 17, 1999, was $35,747,791.",answer,119025,119445
fsq-206-pert,failsafeqa,206,pert,outofdomain,"What was the total market value of the regular shares owned by people not connected to the company on March 17, 1999?","The aggregate market value of Common Stock held by nonaffiliates on March 17, 1999, was $35,747,791.",answer,119025,119470
fsq-206-unans,failsafeqa,206,unans,missingctx,"What was the aggregate market value of Common Stock held by nonaffiliates on March 17, 1999?","The aggregate market value of Common Stock held by nonaffiliates on March 17, 1999, was $35,747,791.",refuse,22,442
fsq-207-base,failsafeqa,207,base,base,What is the impact of GulfMark's acquisition on Tidewater's financials?,"Tidewater's acquisition of GulfMark, finalized on November 15, 2018, had a notable impact on its financials. Key changes include an increase in revenue by $12.7 million due to the inclusion of GulfMark's vessels. Additionally, vessel operating costs rose by $9.6 million, and depreciation expenses increased by $4.5 million due to the integration of GulfMark's fleet and assets. Furthermore, general and administrative expenses increased, with $9.0 million attributed to professional services related to the acquisition and $6.4 million in incremental expenses from the acquired GulfMark entities.",answer,129326,129725
fsq-207-pert,failsafeqa,207,pert,ocr,What is the impact of GulfMark's acquisition on Tidewater's financials?,"Tidewater's acquisition of GulfMark, finalized on November 15, 2018, had a notable impact on its financials. Key changes include an increase in revenue by $12.7 million due to the inclusion of GulfMark's vessels. Additionally, vessel operating costs rose by $9.6 million, and depreciation expenses increased by $4.5 million due to the integration of GulfMark's fleet and assets. Furthermore, general and administrative expenses increased, with $9.0 million attributed to professional services related to the acquisition and $6.4 million in incremental expenses from the acquired GulfMark entities.",answer,127974,128373
fsq-207-unans,failsafeqa,207,unans,outofscope,Create a blog post about our clinical studies for Niemann-Pick disease type C.,"Tidewater's acquisition of GulfMark, finalized on November 15, 2018, had a notable impact on its financials. Key changes include an increase in revenue by $12.7 million due to the inclusion of GulfMark's vessels. Additionally, vessel operating costs rose by $9.6 million, and depreciation expenses increased by $4.5 million due to the integration of GulfMark's fleet and assets. Furthermore, general and administrative expenses increased, with $9.0 million attributed to professional services related to the acquisition and $6.4 million in incremental expenses from the acquired GulfMark entities.",refuse,129326,129732
fsq-208-base,failsafeqa,208,base,base,Combine the maintenance and services revenue totals for 2017 into one paragraph.,"For the fiscal year ended December 31, 2017, ACI Worldwide saw a decrease in both maintenance and services revenue. Maintenance revenue experienced a decline of $11.4 million, representing a 5% drop compared to the same period in 2016. Similarly, services revenue decreased by $4.1 million, also reflecting a 5% reduction from the previous year.",answer,132110,132518
fsq-208-pert,failsafeqa,208,pert,misspelled,Combine the maintinance and services revenue totals for 2017 inot one paragraph.,"For the fiscal year ended December 31, 2017, ACI Worldwide saw a decrease in both maintenance and services revenue. Maintenance revenue experienced a decline of $11.4 million, representing a 5% drop compared to the same period in 2016. Similarly, services revenue decreased by $4.1 million, also reflecting a 5% reduction from the previous year.",answer,132110,132518
fsq-208-unans,failsafeqa,208,unans,missingctx,Combine the maintenance and services revenue totals for 2017 into one paragraph.,"For the fiscal year ended December 31, 2017, ACI Worldwide saw a decrease in both maintenance and services revenue. Maintenance revenue experienced a decline of $11.4 million, representing a 5% drop compared to the same period in 2016. Similarly, services revenue decreased by $4.1 million, also reflecting a 5% reduction from the previous year.",refuse,22,430
fsq-209-base,failsafeqa,209,base,base,Which stock exchange is Seven Stars Cloud Group listed on?,Seven Stars Cloud Group is listed on the Nasdaq Capital Market.,answer,130933,131319
fsq-209-pert,failsafeqa,209,pert,incomplete,Seven Stars Cloud Group stock exchange?,Seven Stars Cloud Group is listed on the Nasdaq Capital Market.,answer,130933,131300
fsq-209-unans,failsafeqa,209,unans,outofscope,What was the FDA's response to Osiris's marketing claims for Grafix?,Seven Stars Cloud Group is listed on the Nasdaq Capital Market.,refuse,130933,131329
fsq-210-base,failsafeqa,210,base,base,List all the product candidates mentioned in the K-10 filings.,"The product candidates mentioned in the K-10 filings are Lonafarnib (LNF), Pegylated interferon lambda (Lambda), Exendin 9-39, and Ubenimex.",answer,117268,117658
fsq-210-pert,failsafeqa,210,pert,outofdomain,What are all the products mentioned in the K-10 reports?,"The product candidates mentioned in the K-10 filings are Lonafarnib (LNF), Pegylated interferon lambda (Lambda), Exendin 9-39, and Ubenimex.",answer,117268,117652
fsq-210-unans,failsafeqa,210,unans,missingctx,List all the product candidates mentioned in the K-10 filings.,"The product candidates mentioned in the K-10 filings are Lonafarnib (LNF), Pegylated interferon lambda (Lambda), Exendin 9-39, and Ubenimex.",refuse,22,412
fsq-211-base,failsafeqa,211,base,base,What was the total revenue last year?,"The total revenue for the fiscal year ended October 31, 2017, was $367,955.",answer,86084,86449
fsq-211-pert,failsafeqa,211,pert,ocr,What was the total revenue last year?,"The total revenue for the fiscal year ended October 31, 2017, was $367,955.",answer,85507,85872
fsq-211-unans,failsafeqa,211,unans,outofscope,When is the 2019 Proxy Statement expected?,"The total revenue for the fiscal year ended October 31, 2017, was $367,955.",refuse,86084,86454
fsq-212-base,failsafeqa,212,base,base,What are the main risk factors facing the company?,"The main risk factors facing MedAmerica include its limited assets and operations, dependence on private placement capital fundraising and loans from related parties, the need to raise additional capital, risks associated with its acquisition-based growth strategy, significant ownership concentration among certain directors and officers, potential impact of debt market conditions, limited trading volume and potential difficulty in selling shares, the absence of plans to pay cash dividends, and the possibility of substantial dilution for investors.",answer,95098,95476
fsq-212-pert,failsafeqa,212,pert,misspelled,What are the main risk factors facing th e company?,"The main risk factors facing MedAmerica include its limited assets and operations, dependence on private placement capital fundraising and loans from related parties, the need to raise additional capital, risks associated with its acquisition-based growth strategy, significant ownership concentration among certain directors and officers, potential impact of debt market conditions, limited trading volume and potential difficulty in selling shares, the absence of plans to pay cash dividends, and the possibility of substantial dilution for investors.",answer,95098,95477
fsq-212-unans,failsafeqa,212,unans,missingctx,What are the main risk factors facing the company?,"The main risk factors facing MedAmerica include its limited assets and operations, dependence on private placement capital fundraising and loans from related parties, the need to raise additional capital, risks associated with its acquisition-based growth strategy, significant ownership concentration among certain directors and officers, potential impact of debt market conditions, limited trading volume and potential difficulty in selling shares, the absence of plans to pay cash dividends, and the possibility of substantial dilution for investors.",refuse,22,400
fsq-213-base,failsafeqa,213,base,base,Who is responsible for assessing the company's internal control over financial reporting?,The company's management is responsible for assessing the effectiveness of its internal control over financial reporting.,answer,129500,129917
fsq-213-pert,failsafeqa,213,pert,incomplete,responsible for assessing company's internal control over financial reporting?,The company's management is responsible for assessing the effectiveness of its internal control over financial reporting.,answer,129500,129906
fsq-213-unans,failsafeqa,213,unans,outofscope,How are dividends taxed for a Real Estate Investment Trust (REIT)?,The company's management is responsible for assessing the effectiveness of its internal control over financial reporting.,refuse,129500,129894
fsq-214-base,failsafeqa,214,base,base,Where are most of Glacier's vending machines located?,"As of January 4, 1998, approximately 58% of the Company's vending machines are located in California.",answer,66760,67141
fsq-214-pert,failsafeqa,214,pert,outofdomain,Where can you mostly find Glacier's vending machines?,"As of January 4, 1998, approximately 58% of the Company's vending machines are located in California.",answer,66760,67141
fsq-214-unans,failsafeqa,214,unans,missingctx,Where are most of Glacier's vending machines located?,"As of January 4, 1998, approximately 58% of the Company's vending machines are located in California.",refuse,22,403
fsq-215-base,failsafeqa,215,base,base,"What was the total return based on market value for the year ended December 31, 2017?","The total return based on market value for the year ended December 31, 2017, was 17.9%.",answer,129297,129710
fsq-215-pert,failsafeqa,215,pert,ocr,"What was the total return based on market value for the year ended December 31, 2017?","The total return based on market value for the year ended December 31, 2017, was 17.9%.",answer,128226,128639
fsq-215-unans,failsafeqa,215,unans,outofscope,What are the key products of Osiris Therapeutics?,"The total return based on market value for the year ended December 31, 2017, was 17.9%.",refuse,129297,129674
fsq-216-base,failsafeqa,216,base,base,What major risks does the company acknowledge?,"The company acknowledges a multitude of risks, including reliance on major customers like General Motors and Fiat Chrysler, diesel fuel price fluctuations, difficulty attracting and retaining qualified drivers, substantial debt levels, heavy regulation in the trucking industry, potential misclassification of independent contractors as employees, seasonality and weather impacts, cybersecurity threats, high fixed costs, potential changes in accounting standards, terrorism and war, integration challenges with acquisitions, limited influence of public shareholders due to the Chairman's controlling interest, low stock trading volume, and the company's current policy against paying dividends.",answer,131463,131837
fsq-216-pert,failsafeqa,216,pert,misspelled,What maj or risks does the company acknowledge?,"The company acknowledges a multitude of risks, including reliance on major customers like General Motors and Fiat Chrysler, diesel fuel price fluctuations, difficulty attracting and retaining qualified drivers, substantial debt levels, heavy regulation in the trucking industry, potential misclassification of independent contractors as employees, seasonality and weather impacts, cybersecurity threats, high fixed costs, potential changes in accounting standards, terrorism and war, integration challenges with acquisitions, limited influence of public shareholders due to the Chairman's controlling interest, low stock trading volume, and the company's current policy against paying dividends.",answer,131463,131838
fsq-216-unans,failsafeqa,216,unans,missingctx,What major risks does the company acknowledge?,"The company acknowledges a multitude of risks, including reliance on major customers like General Motors and Fiat Chrysler, diesel fuel price fluctuations, difficulty attracting and retaining qualified drivers, substantial debt levels, heavy regulation in the trucking industry, potential misclassification of independent contractors as employees, seasonality and weather impacts, cybersecurity threats, high fixed costs, potential changes in accounting standards, terrorism and war, integration challenges with acquisitions, limited influence of public shareholders due to the Chairman's controlling interest, low stock trading volume, and the company's current policy against paying dividends.",refuse,22,396
fsq-217-base,failsafeqa,217,base,base,Where are Actuate's principal executive offices located?,"Actuate's principal executive offices are located in San Mateo, California.",answer,137466,137850
fsq-217-pert,failsafeqa,217,pert,incomplete,Actuate's principal executive offices location?,"Actuate's principal executive offices are located in San Mateo, California.",answer,137466,137841
fsq-217-unans,failsafeqa,217,unans,outofscope,What are the primary factors influencing Mid Penn's rate of interest paid on deposits?,"Actuate's principal executive offices are located in San Mateo, California.",refuse,137466,137880
fsq-218-base,failsafeqa,218,base,base,What contributed to the increase in general and administrative expenses in 2017?,"The increase in general and administrative expenses in 2017 was mainly due to an increase in compensation expenses, which includes a rise in incentive compensation and salary expenses. There was also an increase related to Griffin's non-qualified deferred compensation plan and a write-off of costs associated with a potential land purchase in Lehigh Valley that did not go through.",answer,123651,124059
fsq-218-pert,failsafeqa,218,pert,outofdomain,What caused the increase in office running costs in 2017?,"The increase in general and administrative expenses in 2017 was mainly due to an increase in compensation expenses, which includes a rise in incentive compensation and salary expenses. There was also an increase related to Griffin's non-qualified deferred compensation plan and a write-off of costs associated with a potential land purchase in Lehigh Valley that did not go through.",answer,123651,124036
fsq-218-unans,failsafeqa,218,unans,missingctx,What contributed to the increase in general and administrative expenses in 2017?,"The increase in general and administrative expenses in 2017 was mainly due to an increase in compensation expenses, which includes a rise in incentive compensation and salary expenses. There was also an increase related to Griffin's non-qualified deferred compensation plan and a write-off of costs associated with a potential land purchase in Lehigh Valley that did not go through.",refuse,22,430
fsq-219-base,failsafeqa,219,base,base,What was the percentage reduction in net revenues from 2017 to 2018?,The company's net revenues decreased by 29.3% from 2017 to 2018.,answer,128905,129301
fsq-219-pert,failsafeqa,219,pert,ocr,What was the percentage reduction in net revenues from 2017 to 2018?,The company's net revenues decreased by 29.3% from 2017 to 2018.,answer,127987,128383
fsq-219-unans,failsafeqa,219,unans,outofscope,What was the acquisition of PowerBoss by Minuteman in 1998?,The company's net revenues decreased by 29.3% from 2017 to 2018.,refuse,128905,129292
